Date,Campaign ID,Campaign,Ad Group ID,Ad Group,Ad ID,Ad Description,Cost,Impressions,Clicks,Total Conv. Value
2025-07-01,CAMP-GGL-01,Search_Brand_Core,SET-G01,Exact_Match_Brand,AD-G101,Search_Text_ApexGear,95.58,1340,84,472.74
2025-07-01,CAMP-GGL-02,Shopping_Performance_Max,SET-G02,PMax_All_Products,AD-G102,PMax_Asset_Group_1,169.02,2908,122,920.78
2025-07-01,CAMP-GGL-03,Search_NonBrand_Outerwear,SET-G03,Hiking_Jackets_Generic,AD-G103,Search_Text_WaterproofJacket,98.82,1427,88,438.85
2025-07-02,CAMP-GGL-01,Search_Brand_Core,SET-G01,Exact_Match_Brand,AD-G101,Search_Text_ApexGear,148.1,1777,131,804.15
2025-07-02,CAMP-GGL-02,Shopping_Performance_Max,SET-G02,PMax_All_Products,AD-G102,PMax_Asset_Group_1,116.7,2262,102,515.91
2025-07-02,CAMP-GGL-03,Search_NonBrand_Outerwear,SET-G03,Hiking_Jackets_Generic,AD-G103,Search_Text_WaterproofJacket,101.1,1362,74,456.93
2025-07-03,CAMP-GGL-01,Search_Brand_Core,SET-G01,Exact_Match_Brand,AD-G101,Search_Text_ApexGear,179.06,2713,124,972.95
2025-07-03,CAMP-GGL-02,Shopping_Performance_Max,SET-G02,PMax_All_Products,AD-G102,PMax_Asset_Group_1,124.39,2240,90,534.85
2025-07-03,CAMP-GGL-03,Search_NonBrand_Outerwear,SET-G03,Hiking_Jackets_Generic,AD-G103,Search_Text_WaterproofJacket,150.34,1762,105,711.71
2025-07-04,CAMP-GGL-01,Search_Brand_Core,SET-G01,Exact_Match_Brand,AD-G101,Search_Text_ApexGear,127.39,2421,114,590.58
2025-07-04,CAMP-GGL-02,Shopping_Performance_Max,SET-G02,PMax_All_Products,AD-G102,PMax_Asset_Group_1,98.86,896,62,492.24
2025-07-04,CAMP-GGL-03,Search_NonBrand_Outerwear,SET-G03,Hiking_Jackets_Generic,AD-G103,Search_Text_WaterproofJacket,118.38,2073,91,533.66
2025-07-05,CAMP-GGL-01,Search_Brand_Core,SET-G01,Exact_Match_Brand,AD-G101,Search_Text_ApexGear,122.03,1309,81,620.01
2025-07-05,CAMP-GGL-02,Shopping_Performance_Max,SET-G02,PMax_All_Products,AD-G102,PMax_Asset_Group_1,152.67,1893,97,655.65
2025-07-05,CAMP-GGL-03,Search_NonBrand_Outerwear,SET-G03,Hiking_Jackets_Generic,AD-G103,Search_Text_WaterproofJacket,139.72,1873,93,767.1
2025-07-06,CAMP-GGL-01,Search_Brand_Core,SET-G01,Exact_Match_Brand,AD-G101,Search_Text_ApexGear,193.99,2286,128,871.41
2025-07-06,CAMP-GGL-02,Shopping_Performance_Max,SET-G02,PMax_All_Products,AD-G102,PMax_Asset_Group_1,145.9,1264,91,647.09
2025-07-06,CAMP-GGL-03,Search_NonBrand_Outerwear,SET-G03,Hiking_Jackets_Generic,AD-G103,Search_Text_WaterproofJacket,138.09,1488,94,655.38
2025-07-07,CAMP-GGL-01,Search_Brand_Core,SET-G01,Exact_Match_Brand,AD-G101,Search_Text_ApexGear,164.94,2571,109,878.53
2025-07-07,CAMP-GGL-02,Shopping_Performance_Max,SET-G02,PMax_All_Products,AD-G102,PMax_Asset_Group_1,152.28,2098,130,721.89
2025-07-07,CAMP-GGL-03,Search_NonBrand_Outerwear,SET-G03,Hiking_Jackets_Generic,AD-G103,Search_Text_WaterproofJacket,126.25,2026,92,693.8
2025-07-08,CAMP-GGL-01,Search_Brand_Core,SET-G01,Exact_Match_Brand,AD-G101,Search_Text_ApexGear,150.79,2502,116,659.39
2025-07-08,CAMP-GGL-02,Shopping_Performance_Max,SET-G02,PMax_All_Products,AD-G102,PMax_Asset_Group_1,175.43,1418,113,943.67
2025-07-08,CAMP-GGL-03,Search_NonBrand_Outerwear,SET-G03,Hiking_Jackets_Generic,AD-G103,Search_Text_WaterproofJacket,108.75,1432,85,551.36
2025-07-09,CAMP-GGL-01,Search_Brand_Core,SET-G01,Exact_Match_Brand,AD-G101,Search_Text_ApexGear,127.66,1570,99,634.71
2025-07-09,CAMP-GGL-02,Shopping_Performance_Max,SET-G02,PMax_All_Products,AD-G102,PMax_Asset_Group_1,104.53,1241,78,514.24
2025-07-09,CAMP-GGL-03,Search_NonBrand_Outerwear,SET-G03,Hiking_Jackets_Generic,AD-G103,Search_Text_WaterproofJacket,108.91,1365,74,460.99
2025-07-10,CAMP-GGL-01,Search_Brand_Core,SET-G01,Exact_Match_Brand,AD-G101,Search_Text_ApexGear,160.22,1696,115,727.32
2025-07-10,CAMP-GGL-02,Shopping_Performance_Max,SET-G02,PMax_All_Products,AD-G102,PMax_Asset_Group_1,141.07,1459,94,727.29
2025-07-10,CAMP-GGL-03,Search_NonBrand_Outerwear,SET-G03,Hiking_Jackets_Generic,AD-G103,Search_Text_WaterproofJacket,133.94,2008,114,608.05
2025-07-11,CAMP-GGL-01,Search_Brand_Core,SET-G01,Exact_Match_Brand,AD-G101,Search_Text_ApexGear,143.94,2632,106,658.47
2025-07-11,CAMP-GGL-02,Shopping_Performance_Max,SET-G02,PMax_All_Products,AD-G102,PMax_Asset_Group_1,134.66,2636,108,694.17
2025-07-11,CAMP-GGL-03,Search_NonBrand_Outerwear,SET-G03,Hiking_Jackets_Generic,AD-G103,Search_Text_WaterproofJacket,142.63,1528,90,631.38
2025-07-12,CAMP-GGL-01,Search_Brand_Core,SET-G01,Exact_Match_Brand,AD-G101,Search_Text_ApexGear,112.96,1403,79,555.28
2025-07-12,CAMP-GGL-02,Shopping_Performance_Max,SET-G02,PMax_All_Products,AD-G102,PMax_Asset_Group_1,157.46,2469,101,701.51
2025-07-12,CAMP-GGL-03,Search_NonBrand_Outerwear,SET-G03,Hiking_Jackets_Generic,AD-G103,Search_Text_WaterproofJacket,192.68,2160,138,1032.35
2025-07-13,CAMP-GGL-01,Search_Brand_Core,SET-G01,Exact_Match_Brand,AD-G101,Search_Text_ApexGear,187.35,1855,142,969.5
2025-07-13,CAMP-GGL-02,Shopping_Performance_Max,SET-G02,PMax_All_Products,AD-G102,PMax_Asset_Group_1,162.71,2836,136,740.24
2025-07-13,CAMP-GGL-03,Search_NonBrand_Outerwear,SET-G03,Hiking_Jackets_Generic,AD-G103,Search_Text_WaterproofJacket,129.05,1605,102,635.14
2025-07-14,CAMP-GGL-01,Search_Brand_Core,SET-G01,Exact_Match_Brand,AD-G101,Search_Text_ApexGear,128.38,2091,91,552.81
2025-07-14,CAMP-GGL-02,Shopping_Performance_Max,SET-G02,PMax_All_Products,AD-G102,PMax_Asset_Group_1,105.46,1500,77,472.27
2025-07-14,CAMP-GGL-03,Search_NonBrand_Outerwear,SET-G03,Hiking_Jackets_Generic,AD-G103,Search_Text_WaterproofJacket,126.03,1258,83,531.6
2025-07-15,CAMP-GGL-01,Search_Brand_Core,SET-G01,Exact_Match_Brand,AD-G101,Search_Text_ApexGear,150.2,2450,100,812.97
2025-07-15,CAMP-GGL-02,Shopping_Performance_Max,SET-G02,PMax_All_Products,AD-G102,PMax_Asset_Group_1,103.84,1070,67,498.02
2025-07-15,CAMP-GGL-03,Search_NonBrand_Outerwear,SET-G03,Hiking_Jackets_Generic,AD-G103,Search_Text_WaterproofJacket,149.67,1289,103,809.9
2025-07-16,CAMP-GGL-01,Search_Brand_Core,SET-G01,Exact_Match_Brand,AD-G101,Search_Text_ApexGear,154.81,2954,124,827.25
2025-07-16,CAMP-GGL-02,Shopping_Performance_Max,SET-G02,PMax_All_Products,AD-G102,PMax_Asset_Group_1,110.8,1454,71,502.26
2025-07-16,CAMP-GGL-03,Search_NonBrand_Outerwear,SET-G03,Hiking_Jackets_Generic,AD-G103,Search_Text_WaterproofJacket,102.43,985,66,496.79
2025-07-17,CAMP-GGL-01,Search_Brand_Core,SET-G01,Exact_Match_Brand,AD-G101,Search_Text_ApexGear,111.52,1428,75,578.57
2025-07-17,CAMP-GGL-02,Shopping_Performance_Max,SET-G02,PMax_All_Products,AD-G102,PMax_Asset_Group_1,126.96,1595,105,694.41
2025-07-17,CAMP-GGL-03,Search_NonBrand_Outerwear,SET-G03,Hiking_Jackets_Generic,AD-G103,Search_Text_WaterproofJacket,174.11,1967,139,908.24
2025-07-18,CAMP-GGL-01,Search_Brand_Core,SET-G01,Exact_Match_Brand,AD-G101,Search_Text_ApexGear,152.25,2122,96,717.34
2025-07-18,CAMP-GGL-02,Shopping_Performance_Max,SET-G02,PMax_All_Products,AD-G102,PMax_Asset_Group_1,150.45,2112,102,744.36
2025-07-18,CAMP-GGL-03,Search_NonBrand_Outerwear,SET-G03,Hiking_Jackets_Generic,AD-G103,Search_Text_WaterproofJacket,135.4,1625,107,643.92
2025-07-19,CAMP-GGL-01,Search_Brand_Core,SET-G01,Exact_Match_Brand,AD-G101,Search_Text_ApexGear,180.63,2915,148,853.82
2025-07-19,CAMP-GGL-02,Shopping_Performance_Max,SET-G02,PMax_All_Products,AD-G102,PMax_Asset_Group_1,124.06,1514,83,667.69
2025-07-19,CAMP-GGL-03,Search_NonBrand_Outerwear,SET-G03,Hiking_Jackets_Generic,AD-G103,Search_Text_WaterproofJacket,181.26,2472,117,960.67
2025-07-20,CAMP-GGL-01,Search_Brand_Core,SET-G01,Exact_Match_Brand,AD-G101,Search_Text_ApexGear,202.48,3694,157,939.71
2025-07-20,CAMP-GGL-02,Shopping_Performance_Max,SET-G02,PMax_All_Products,AD-G102,PMax_Asset_Group_1,153.82,2524,133,695.74
2025-07-20,CAMP-GGL-03,Search_NonBrand_Outerwear,SET-G03,Hiking_Jackets_Generic,AD-G103,Search_Text_WaterproofJacket,187.21,1627,121,859.89
2025-07-21,CAMP-GGL-01,Search_Brand_Core,SET-G01,Exact_Match_Brand,AD-G101,Search_Text_ApexGear,167.15,1656,112,733.91
2025-07-21,CAMP-GGL-02,Shopping_Performance_Max,SET-G02,PMax_All_Products,AD-G102,PMax_Asset_Group_1,175.05,2015,121,810.67
2025-07-21,CAMP-GGL-03,Search_NonBrand_Outerwear,SET-G03,Hiking_Jackets_Generic,AD-G103,Search_Text_WaterproofJacket,148.12,2076,109,645.2
2025-07-22,CAMP-GGL-01,Search_Brand_Core,SET-G01,Exact_Match_Brand,AD-G101,Search_Text_ApexGear,162.22,1344,105,710.28
2025-07-22,CAMP-GGL-02,Shopping_Performance_Max,SET-G02,PMax_All_Products,AD-G102,PMax_Asset_Group_1,119.59,1145,83,619.16
2025-07-22,CAMP-GGL-03,Search_NonBrand_Outerwear,SET-G03,Hiking_Jackets_Generic,AD-G103,Search_Text_WaterproofJacket,175.12,3070,139,930.95
2025-07-23,CAMP-GGL-01,Search_Brand_Core,SET-G01,Exact_Match_Brand,AD-G101,Search_Text_ApexGear,153.45,2076,104,779.69
2025-07-23,CAMP-GGL-02,Shopping_Performance_Max,SET-G02,PMax_All_Products,AD-G102,PMax_Asset_Group_1,168.57,2066,142,719.75
2025-07-23,CAMP-GGL-03,Search_NonBrand_Outerwear,SET-G03,Hiking_Jackets_Generic,AD-G103,Search_Text_WaterproofJacket,132.79,1861,87,623.9
2025-07-24,CAMP-GGL-01,Search_Brand_Core,SET-G01,Exact_Match_Brand,AD-G101,Search_Text_ApexGear,165.28,1743,120,734.83
2025-07-24,CAMP-GGL-02,Shopping_Performance_Max,SET-G02,PMax_All_Products,AD-G102,PMax_Asset_Group_1,136.0,1312,96,652.69
2025-07-24,CAMP-GGL-03,Search_NonBrand_Outerwear,SET-G03,Hiking_Jackets_Generic,AD-G103,Search_Text_WaterproofJacket,164.66,1536,113,714.13
2025-07-25,CAMP-GGL-01,Search_Brand_Core,SET-G01,Exact_Match_Brand,AD-G101,Search_Text_ApexGear,150.39,1370,103,702.6
2025-07-25,CAMP-GGL-02,Shopping_Performance_Max,SET-G02,PMax_All_Products,AD-G102,PMax_Asset_Group_1,155.28,1775,134,734.49
2025-07-25,CAMP-GGL-03,Search_NonBrand_Outerwear,SET-G03,Hiking_Jackets_Generic,AD-G103,Search_Text_WaterproofJacket,94.25,904,59,479.06
2025-07-26,CAMP-GGL-01,Search_Brand_Core,SET-G01,Exact_Match_Brand,AD-G101,Search_Text_ApexGear,131.5,2060,107,713.34
2025-07-26,CAMP-GGL-02,Shopping_Performance_Max,SET-G02,PMax_All_Products,AD-G102,PMax_Asset_Group_1,183.76,3487,141,805.06
2025-07-26,CAMP-GGL-03,Search_NonBrand_Outerwear,SET-G03,Hiking_Jackets_Generic,AD-G103,Search_Text_WaterproofJacket,159.83,1842,100,747.98
2025-07-27,CAMP-GGL-01,Search_Brand_Core,SET-G01,Exact_Match_Brand,AD-G101,Search_Text_ApexGear,139.11,1356,102,663.95
2025-07-27,CAMP-GGL-02,Shopping_Performance_Max,SET-G02,PMax_All_Products,AD-G102,PMax_Asset_Group_1,155.82,1450,115,682.47
2025-07-27,CAMP-GGL-03,Search_NonBrand_Outerwear,SET-G03,Hiking_Jackets_Generic,AD-G103,Search_Text_WaterproofJacket,129.37,1770,113,654.88
2025-07-28,CAMP-GGL-01,Search_Brand_Core,SET-G01,Exact_Match_Brand,AD-G101,Search_Text_ApexGear,127.36,2028,97,664.89
2025-07-28,CAMP-GGL-02,Shopping_Performance_Max,SET-G02,PMax_All_Products,AD-G102,PMax_Asset_Group_1,163.82,1971,115,777.27
2025-07-28,CAMP-GGL-03,Search_NonBrand_Outerwear,SET-G03,Hiking_Jackets_Generic,AD-G103,Search_Text_WaterproofJacket,113.1,1438,76,550.43
2025-07-29,CAMP-GGL-01,Search_Brand_Core,SET-G01,Exact_Match_Brand,AD-G101,Search_Text_ApexGear,143.64,1158,89,684.57
2025-07-29,CAMP-GGL-02,Shopping_Performance_Max,SET-G02,PMax_All_Products,AD-G102,PMax_Asset_Group_1,121.05,1885,107,540.55
2025-07-29,CAMP-GGL-03,Search_NonBrand_Outerwear,SET-G03,Hiking_Jackets_Generic,AD-G103,Search_Text_WaterproofJacket,109.77,1342,99,591.61
2025-07-30,CAMP-GGL-01,Search_Brand_Core,SET-G01,Exact_Match_Brand,AD-G101,Search_Text_ApexGear,156.81,3091,132,683.14
2025-07-30,CAMP-GGL-02,Shopping_Performance_Max,SET-G02,PMax_All_Products,AD-G102,PMax_Asset_Group_1,155.16,2211,99,738.51
2025-07-30,CAMP-GGL-03,Search_NonBrand_Outerwear,SET-G03,Hiking_Jackets_Generic,AD-G103,Search_Text_WaterproofJacket,136.12,1634,106,638.03
2025-07-31,CAMP-GGL-01,Search_Brand_Core,SET-G01,Exact_Match_Brand,AD-G101,Search_Text_ApexGear,154.68,1667,133,656.81
2025-07-31,CAMP-GGL-02,Shopping_Performance_Max,SET-G02,PMax_All_Products,AD-G102,PMax_Asset_Group_1,110.95,2358,98,493.38
2025-07-31,CAMP-GGL-03,Search_NonBrand_Outerwear,SET-G03,Hiking_Jackets_Generic,AD-G103,Search_Text_WaterproofJacket,125.26,1436,83,581.66
2025-08-01,CAMP-GGL-01,Search_Brand_Core,SET-G01,Exact_Match_Brand,AD-G101,Search_Text_ApexGear,150.8,1487,111,802.24
2025-08-01,CAMP-GGL-02,Shopping_Performance_Max,SET-G02,PMax_All_Products,AD-G102,PMax_Asset_Group_1,90.89,766,61,436.18
2025-08-01,CAMP-GGL-03,Search_NonBrand_Outerwear,SET-G03,Hiking_Jackets_Generic,AD-G103,Search_Text_WaterproofJacket,133.49,1661,83,691.6
2025-08-02,CAMP-GGL-01,Search_Brand_Core,SET-G01,Exact_Match_Brand,AD-G101,Search_Text_ApexGear,159.22,2255,99,846.22
2025-08-02,CAMP-GGL-02,Shopping_Performance_Max,SET-G02,PMax_All_Products,AD-G102,PMax_Asset_Group_1,176.61,2458,138,743.37
2025-08-02,CAMP-GGL-03,Search_NonBrand_Outerwear,SET-G03,Hiking_Jackets_Generic,AD-G103,Search_Text_WaterproofJacket,127.8,1149,84,592.8
2025-08-03,CAMP-GGL-01,Search_Brand_Core,SET-G01,Exact_Match_Brand,AD-G101,Search_Text_ApexGear,103.56,1661,82,467.42
2025-08-03,CAMP-GGL-02,Shopping_Performance_Max,SET-G02,PMax_All_Products,AD-G102,PMax_Asset_Group_1,110.56,1781,92,544.2
2025-08-03,CAMP-GGL-03,Search_NonBrand_Outerwear,SET-G03,Hiking_Jackets_Generic,AD-G103,Search_Text_WaterproofJacket,146.7,1482,113,783.18
2025-08-04,CAMP-GGL-01,Search_Brand_Core,SET-G01,Exact_Match_Brand,AD-G101,Search_Text_ApexGear,134.37,1356,106,583.01
2025-08-04,CAMP-GGL-02,Shopping_Performance_Max,SET-G02,PMax_All_Products,AD-G102,PMax_Asset_Group_1,95.42,1438,76,437.74
2025-08-04,CAMP-GGL-03,Search_NonBrand_Outerwear,SET-G03,Hiking_Jackets_Generic,AD-G103,Search_Text_WaterproofJacket,104.79,1070,70,456.81
2025-08-05,CAMP-GGL-01,Search_Brand_Core,SET-G01,Exact_Match_Brand,AD-G101,Search_Text_ApexGear,101.15,1869,89,544.42
2025-08-05,CAMP-GGL-02,Shopping_Performance_Max,SET-G02,PMax_All_Products,AD-G102,PMax_Asset_Group_1,163.91,1521,119,705.01
2025-08-05,CAMP-GGL-03,Search_NonBrand_Outerwear,SET-G03,Hiking_Jackets_Generic,AD-G103,Search_Text_WaterproofJacket,112.23,984,73,496.0
2025-08-06,CAMP-GGL-01,Search_Brand_Core,SET-G01,Exact_Match_Brand,AD-G101,Search_Text_ApexGear,91.19,865,67,474.21
2025-08-06,CAMP-GGL-02,Shopping_Performance_Max,SET-G02,PMax_All_Products,AD-G102,PMax_Asset_Group_1,171.83,2355,113,920.09
2025-08-06,CAMP-GGL-03,Search_NonBrand_Outerwear,SET-G03,Hiking_Jackets_Generic,AD-G103,Search_Text_WaterproofJacket,115.58,1650,92,542.09
2025-08-07,CAMP-GGL-01,Search_Brand_Core,SET-G01,Exact_Match_Brand,AD-G101,Search_Text_ApexGear,139.01,2505,117,708.76
2025-08-07,CAMP-GGL-02,Shopping_Performance_Max,SET-G02,PMax_All_Products,AD-G102,PMax_Asset_Group_1,117.93,1250,87,617.41
2025-08-07,CAMP-GGL-03,Search_NonBrand_Outerwear,SET-G03,Hiking_Jackets_Generic,AD-G103,Search_Text_WaterproofJacket,148.1,2873,125,727.34
2025-08-08,CAMP-GGL-01,Search_Brand_Core,SET-G01,Exact_Match_Brand,AD-G101,Search_Text_ApexGear,123.96,1844,94,527.05
2025-08-08,CAMP-GGL-02,Shopping_Performance_Max,SET-G02,PMax_All_Products,AD-G102,PMax_Asset_Group_1,176.01,2660,111,819.86
2025-08-08,CAMP-GGL-03,Search_NonBrand_Outerwear,SET-G03,Hiking_Jackets_Generic,AD-G103,Search_Text_WaterproofJacket,106.12,1774,81,576.46
2025-08-09,CAMP-GGL-01,Search_Brand_Core,SET-G01,Exact_Match_Brand,AD-G101,Search_Text_ApexGear,182.52,2858,158,999.41
2025-08-09,CAMP-GGL-02,Shopping_Performance_Max,SET-G02,PMax_All_Products,AD-G102,PMax_Asset_Group_1,183.74,3020,144,921.63
2025-08-09,CAMP-GGL-03,Search_NonBrand_Outerwear,SET-G03,Hiking_Jackets_Generic,AD-G103,Search_Text_WaterproofJacket,118.61,993,75,639.66
2025-08-10,CAMP-GGL-01,Search_Brand_Core,SET-G01,Exact_Match_Brand,AD-G101,Search_Text_ApexGear,168.23,2078,111,721.66
2025-08-10,CAMP-GGL-02,Shopping_Performance_Max,SET-G02,PMax_All_Products,AD-G102,PMax_Asset_Group_1,135.97,2067,95,633.99
2025-08-10,CAMP-GGL-03,Search_NonBrand_Outerwear,SET-G03,Hiking_Jackets_Generic,AD-G103,Search_Text_WaterproofJacket,165.23,2406,109,776.05
2025-08-11,CAMP-GGL-01,Search_Brand_Core,SET-G01,Exact_Match_Brand,AD-G101,Search_Text_ApexGear,107.7,1339,88,494.33
2025-08-11,CAMP-GGL-02,Shopping_Performance_Max,SET-G02,PMax_All_Products,AD-G102,PMax_Asset_Group_1,144.09,1356,99,673.08
2025-08-11,CAMP-GGL-03,Search_NonBrand_Outerwear,SET-G03,Hiking_Jackets_Generic,AD-G103,Search_Text_WaterproofJacket,108.37,1715,81,567.99
2025-08-12,CAMP-GGL-01,Search_Brand_Core,SET-G01,Exact_Match_Brand,AD-G101,Search_Text_ApexGear,99.89,950,64,464.07
2025-08-12,CAMP-GGL-02,Shopping_Performance_Max,SET-G02,PMax_All_Products,AD-G102,PMax_Asset_Group_1,92.28,1491,63,425.5
2025-08-12,CAMP-GGL-03,Search_NonBrand_Outerwear,SET-G03,Hiking_Jackets_Generic,AD-G103,Search_Text_WaterproofJacket,144.88,2730,118,681.35
2025-08-13,CAMP-GGL-01,Search_Brand_Core,SET-G01,Exact_Match_Brand,AD-G101,Search_Text_ApexGear,103.24,1072,82,445.65
2025-08-13,CAMP-GGL-02,Shopping_Performance_Max,SET-G02,PMax_All_Products,AD-G102,PMax_Asset_Group_1,90.54,1280,67,394.77
2025-08-13,CAMP-GGL-03,Search_NonBrand_Outerwear,SET-G03,Hiking_Jackets_Generic,AD-G103,Search_Text_WaterproofJacket,173.35,3027,146,945.73
2025-08-14,CAMP-GGL-01,Search_Brand_Core,SET-G01,Exact_Match_Brand,AD-G101,Search_Text_ApexGear,156.74,1833,114,838.53
2025-08-14,CAMP-GGL-02,Shopping_Performance_Max,SET-G02,PMax_All_Products,AD-G102,PMax_Asset_Group_1,138.11,1500,115,609.91
2025-08-14,CAMP-GGL-03,Search_NonBrand_Outerwear,SET-G03,Hiking_Jackets_Generic,AD-G103,Search_Text_WaterproofJacket,119.51,1717,92,619.99
2025-08-15,CAMP-GGL-01,Search_Brand_Core,SET-G01,Exact_Match_Brand,AD-G101,Search_Text_ApexGear,175.69,1581,119,874.35
2025-08-15,CAMP-GGL-02,Shopping_Performance_Max,SET-G02,PMax_All_Products,AD-G102,PMax_Asset_Group_1,94.46,1548,76,453.84
2025-08-15,CAMP-GGL-03,Search_NonBrand_Outerwear,SET-G03,Hiking_Jackets_Generic,AD-G103,Search_Text_WaterproofJacket,156.95,1862,100,745.65
2025-08-16,CAMP-GGL-01,Search_Brand_Core,SET-G01,Exact_Match_Brand,AD-G101,Search_Text_ApexGear,203.02,2829,153,981.76
2025-08-16,CAMP-GGL-02,Shopping_Performance_Max,SET-G02,PMax_All_Products,AD-G102,PMax_Asset_Group_1,197.64,1959,142,1025.92
2025-08-16,CAMP-GGL-03,Search_NonBrand_Outerwear,SET-G03,Hiking_Jackets_Generic,AD-G103,Search_Text_WaterproofJacket,138.88,1925,105,736.48
2025-08-17,CAMP-GGL-01,Search_Brand_Core,SET-G01,Exact_Match_Brand,AD-G101,Search_Text_ApexGear,185.67,1693,118,930.24
2025-08-17,CAMP-GGL-02,Shopping_Performance_Max,SET-G02,PMax_All_Products,AD-G102,PMax_Asset_Group_1,186.83,2901,122,880.64
2025-08-17,CAMP-GGL-03,Search_NonBrand_Outerwear,SET-G03,Hiking_Jackets_Generic,AD-G103,Search_Text_WaterproofJacket,145.09,1429,100,694.32
2025-08-18,CAMP-GGL-01,Search_Brand_Core,SET-G01,Exact_Match_Brand,AD-G101,Search_Text_ApexGear,122.13,1229,86,542.54
2025-08-18,CAMP-GGL-02,Shopping_Performance_Max,SET-G02,PMax_All_Products,AD-G102,PMax_Asset_Group_1,139.11,1644,115,637.05
2025-08-18,CAMP-GGL-03,Search_NonBrand_Outerwear,SET-G03,Hiking_Jackets_Generic,AD-G103,Search_Text_WaterproofJacket,133.43,1603,110,728.19
2025-08-19,CAMP-GGL-01,Search_Brand_Core,SET-G01,Exact_Match_Brand,AD-G101,Search_Text_ApexGear,176.14,1765,134,848.58
2025-08-19,CAMP-GGL-02,Shopping_Performance_Max,SET-G02,PMax_All_Products,AD-G102,PMax_Asset_Group_1,137.25,1624,94,621.44
2025-08-19,CAMP-GGL-03,Search_NonBrand_Outerwear,SET-G03,Hiking_Jackets_Generic,AD-G103,Search_Text_WaterproofJacket,101.11,2020,84,424.79
2025-08-20,CAMP-GGL-01,Search_Brand_Core,SET-G01,Exact_Match_Brand,AD-G101,Search_Text_ApexGear,177.96,1971,145,900.89
2025-08-20,CAMP-GGL-02,Shopping_Performance_Max,SET-G02,PMax_All_Products,AD-G102,PMax_Asset_Group_1,139.56,1843,118,718.25
2025-08-20,CAMP-GGL-03,Search_NonBrand_Outerwear,SET-G03,Hiking_Jackets_Generic,AD-G103,Search_Text_WaterproofJacket,155.81,1652,104,851.97
2025-08-21,CAMP-GGL-01,Search_Brand_Core,SET-G01,Exact_Match_Brand,AD-G101,Search_Text_ApexGear,120.75,1106,84,517.89
2025-08-21,CAMP-GGL-02,Shopping_Performance_Max,SET-G02,PMax_All_Products,AD-G102,PMax_Asset_Group_1,100.74,1236,79,529.94
2025-08-21,CAMP-GGL-03,Search_NonBrand_Outerwear,SET-G03,Hiking_Jackets_Generic,AD-G103,Search_Text_WaterproofJacket,125.43,1735,93,666.15
2025-08-22,CAMP-GGL-01,Search_Brand_Core,SET-G01,Exact_Match_Brand,AD-G101,Search_Text_ApexGear,168.27,1989,147,876.66
2025-08-22,CAMP-GGL-02,Shopping_Performance_Max,SET-G02,PMax_All_Products,AD-G102,PMax_Asset_Group_1,106.36,1171,80,469.6
2025-08-22,CAMP-GGL-03,Search_NonBrand_Outerwear,SET-G03,Hiking_Jackets_Generic,AD-G103,Search_Text_WaterproofJacket,138.18,2001,97,615.65
2025-08-23,CAMP-GGL-01,Search_Brand_Core,SET-G01,Exact_Match_Brand,AD-G101,Search_Text_ApexGear,107.79,1143,85,531.15
2025-08-23,CAMP-GGL-02,Shopping_Performance_Max,SET-G02,PMax_All_Products,AD-G102,PMax_Asset_Group_1,172.53,1890,130,938.4
2025-08-23,CAMP-GGL-03,Search_NonBrand_Outerwear,SET-G03,Hiking_Jackets_Generic,AD-G103,Search_Text_WaterproofJacket,199.77,3466,146,906.27
2025-08-24,CAMP-GGL-01,Search_Brand_Core,SET-G01,Exact_Match_Brand,AD-G101,Search_Text_ApexGear,178.65,2495,153,820.65
2025-08-24,CAMP-GGL-02,Shopping_Performance_Max,SET-G02,PMax_All_Products,AD-G102,PMax_Asset_Group_1,161.92,2083,115,715.06
2025-08-24,CAMP-GGL-03,Search_NonBrand_Outerwear,SET-G03,Hiking_Jackets_Generic,AD-G103,Search_Text_WaterproofJacket,167.38,1365,105,861.32
2025-08-25,CAMP-GGL-01,Search_Brand_Core,SET-G01,Exact_Match_Brand,AD-G101,Search_Text_ApexGear,158.6,1694,113,705.71
2025-08-25,CAMP-GGL-02,Shopping_Performance_Max,SET-G02,PMax_All_Products,AD-G102,PMax_Asset_Group_1,146.1,1700,104,706.65
2025-08-25,CAMP-GGL-03,Search_NonBrand_Outerwear,SET-G03,Hiking_Jackets_Generic,AD-G103,Search_Text_WaterproofJacket,120.1,1218,88,535.26
2025-08-26,CAMP-GGL-01,Search_Brand_Core,SET-G01,Exact_Match_Brand,AD-G101,Search_Text_ApexGear,106.72,1402,93,508.75
2025-08-26,CAMP-GGL-02,Shopping_Performance_Max,SET-G02,PMax_All_Products,AD-G102,PMax_Asset_Group_1,129.39,1930,104,637.33
2025-08-26,CAMP-GGL-03,Search_NonBrand_Outerwear,SET-G03,Hiking_Jackets_Generic,AD-G103,Search_Text_WaterproofJacket,173.96,2089,111,844.24
2025-08-27,CAMP-GGL-01,Search_Brand_Core,SET-G01,Exact_Match_Brand,AD-G101,Search_Text_ApexGear,156.34,2600,139,753.12
2025-08-27,CAMP-GGL-02,Shopping_Performance_Max,SET-G02,PMax_All_Products,AD-G102,PMax_Asset_Group_1,172.85,2240,156,850.19
2025-08-27,CAMP-GGL-03,Search_NonBrand_Outerwear,SET-G03,Hiking_Jackets_Generic,AD-G103,Search_Text_WaterproofJacket,133.65,1910,116,730.29
2025-08-28,CAMP-GGL-01,Search_Brand_Core,SET-G01,Exact_Match_Brand,AD-G101,Search_Text_ApexGear,145.28,2081,119,701.49
2025-08-28,CAMP-GGL-02,Shopping_Performance_Max,SET-G02,PMax_All_Products,AD-G102,PMax_Asset_Group_1,96.74,1673,83,511.63
2025-08-28,CAMP-GGL-03,Search_NonBrand_Outerwear,SET-G03,Hiking_Jackets_Generic,AD-G103,Search_Text_WaterproofJacket,107.55,1859,79,559.19
2025-08-29,CAMP-GGL-01,Search_Brand_Core,SET-G01,Exact_Match_Brand,AD-G101,Search_Text_ApexGear,141.91,2897,122,602.75
2025-08-29,CAMP-GGL-02,Shopping_Performance_Max,SET-G02,PMax_All_Products,AD-G102,PMax_Asset_Group_1,165.07,2468,142,702.98
2025-08-29,CAMP-GGL-03,Search_NonBrand_Outerwear,SET-G03,Hiking_Jackets_Generic,AD-G103,Search_Text_WaterproofJacket,165.96,3221,134,788.02
2025-08-30,CAMP-GGL-01,Search_Brand_Core,SET-G01,Exact_Match_Brand,AD-G101,Search_Text_ApexGear,149.98,2007,107,741.23
2025-08-30,CAMP-GGL-02,Shopping_Performance_Max,SET-G02,PMax_All_Products,AD-G102,PMax_Asset_Group_1,136.16,2683,118,636.8
2025-08-30,CAMP-GGL-03,Search_NonBrand_Outerwear,SET-G03,Hiking_Jackets_Generic,AD-G103,Search_Text_WaterproofJacket,182.84,1541,115,998.51
2025-08-31,CAMP-GGL-01,Search_Brand_Core,SET-G01,Exact_Match_Brand,AD-G101,Search_Text_ApexGear,165.68,1747,114,757.28
2025-08-31,CAMP-GGL-02,Shopping_Performance_Max,SET-G02,PMax_All_Products,AD-G102,PMax_Asset_Group_1,150.66,2184,112,781.19
2025-08-31,CAMP-GGL-03,Search_NonBrand_Outerwear,SET-G03,Hiking_Jackets_Generic,AD-G103,Search_Text_WaterproofJacket,136.42,1464,87,582.94
2025-09-01,CAMP-GGL-01,Search_Brand_Core,SET-G01,Exact_Match_Brand,AD-G101,Search_Text_ApexGear,172.15,2440,122,845.31
2025-09-01,CAMP-GGL-02,Shopping_Performance_Max,SET-G02,PMax_All_Products,AD-G102,PMax_Asset_Group_1,120.89,1303,79,595.62
2025-09-01,CAMP-GGL-03,Search_NonBrand_Outerwear,SET-G03,Hiking_Jackets_Generic,AD-G103,Search_Text_WaterproofJacket,98.96,1615,89,539.61
2025-09-02,CAMP-GGL-01,Search_Brand_Core,SET-G01,Exact_Match_Brand,AD-G101,Search_Text_ApexGear,144.29,1629,126,734.15
2025-09-02,CAMP-GGL-02,Shopping_Performance_Max,SET-G02,PMax_All_Products,AD-G102,PMax_Asset_Group_1,141.81,1712,121,702.84
2025-09-02,CAMP-GGL-03,Search_NonBrand_Outerwear,SET-G03,Hiking_Jackets_Generic,AD-G103,Search_Text_WaterproofJacket,126.58,1079,82,638.38
2025-09-03,CAMP-GGL-01,Search_Brand_Core,SET-G01,Exact_Match_Brand,AD-G101,Search_Text_ApexGear,146.12,2600,125,672.53
2025-09-03,CAMP-GGL-02,Shopping_Performance_Max,SET-G02,PMax_All_Products,AD-G102,PMax_Asset_Group_1,171.79,2229,116,872.58
2025-09-03,CAMP-GGL-03,Search_NonBrand_Outerwear,SET-G03,Hiking_Jackets_Generic,AD-G103,Search_Text_WaterproofJacket,106.56,1468,72,513.24
2025-09-04,CAMP-GGL-01,Search_Brand_Core,SET-G01,Exact_Match_Brand,AD-G101,Search_Text_ApexGear,145.5,2196,129,672.8
2025-09-04,CAMP-GGL-02,Shopping_Performance_Max,SET-G02,PMax_All_Products,AD-G102,PMax_Asset_Group_1,103.32,1415,64,462.03
2025-09-04,CAMP-GGL-03,Search_NonBrand_Outerwear,SET-G03,Hiking_Jackets_Generic,AD-G103,Search_Text_WaterproofJacket,108.32,1149,72,514.86
2025-09-05,CAMP-GGL-01,Search_Brand_Core,SET-G01,Exact_Match_Brand,AD-G101,Search_Text_ApexGear,91.89,1128,82,439.19
2025-09-05,CAMP-GGL-02,Shopping_Performance_Max,SET-G02,PMax_All_Products,AD-G102,PMax_Asset_Group_1,169.67,1933,148,831.36
2025-09-05,CAMP-GGL-03,Search_NonBrand_Outerwear,SET-G03,Hiking_Jackets_Generic,AD-G103,Search_Text_WaterproofJacket,124.92,1059,82,546.38
2025-09-06,CAMP-GGL-01,Search_Brand_Core,SET-G01,Exact_Match_Brand,AD-G101,Search_Text_ApexGear,181.27,2108,115,920.78
2025-09-06,CAMP-GGL-02,Shopping_Performance_Max,SET-G02,PMax_All_Products,AD-G102,PMax_Asset_Group_1,200.6,2381,162,929.14
2025-09-06,CAMP-GGL-03,Search_NonBrand_Outerwear,SET-G03,Hiking_Jackets_Generic,AD-G103,Search_Text_WaterproofJacket,182.71,1612,116,816.03
2025-09-07,CAMP-GGL-01,Search_Brand_Core,SET-G01,Exact_Match_Brand,AD-G101,Search_Text_ApexGear,179.94,3079,158,846.33
2025-09-07,CAMP-GGL-02,Shopping_Performance_Max,SET-G02,PMax_All_Products,AD-G102,PMax_Asset_Group_1,135.01,1222,84,679.86
2025-09-07,CAMP-GGL-03,Search_NonBrand_Outerwear,SET-G03,Hiking_Jackets_Generic,AD-G103,Search_Text_WaterproofJacket,204.58,2753,158,1072.49
2025-09-08,CAMP-GGL-01,Search_Brand_Core,SET-G01,Exact_Match_Brand,AD-G101,Search_Text_ApexGear,168.26,2892,141,913.99
2025-09-08,CAMP-GGL-02,Shopping_Performance_Max,SET-G02,PMax_All_Products,AD-G102,PMax_Asset_Group_1,119.36,1243,80,562.41
2025-09-08,CAMP-GGL-03,Search_NonBrand_Outerwear,SET-G03,Hiking_Jackets_Generic,AD-G103,Search_Text_WaterproofJacket,130.01,2078,88,584.63
2025-09-09,CAMP-GGL-01,Search_Brand_Core,SET-G01,Exact_Match_Brand,AD-G101,Search_Text_ApexGear,116.99,1605,87,516.91
2025-09-09,CAMP-GGL-02,Shopping_Performance_Max,SET-G02,PMax_All_Products,AD-G102,PMax_Asset_Group_1,126.0,1472,111,624.75
2025-09-09,CAMP-GGL-03,Search_NonBrand_Outerwear,SET-G03,Hiking_Jackets_Generic,AD-G103,Search_Text_WaterproofJacket,103.66,1303,74,524.95
2025-09-10,CAMP-GGL-01,Search_Brand_Core,SET-G01,Exact_Match_Brand,AD-G101,Search_Text_ApexGear,153.1,2903,117,743.46
2025-09-10,CAMP-GGL-02,Shopping_Performance_Max,SET-G02,PMax_All_Products,AD-G102,PMax_Asset_Group_1,152.25,1936,106,647.05
2025-09-10,CAMP-GGL-03,Search_NonBrand_Outerwear,SET-G03,Hiking_Jackets_Generic,AD-G103,Search_Text_WaterproofJacket,178.11,1767,135,864.28
2025-09-11,CAMP-GGL-01,Search_Brand_Core,SET-G01,Exact_Match_Brand,AD-G101,Search_Text_ApexGear,154.55,1488,111,809.4
2025-09-11,CAMP-GGL-02,Shopping_Performance_Max,SET-G02,PMax_All_Products,AD-G102,PMax_Asset_Group_1,131.12,1245,98,616.51
2025-09-11,CAMP-GGL-03,Search_NonBrand_Outerwear,SET-G03,Hiking_Jackets_Generic,AD-G103,Search_Text_WaterproofJacket,152.74,2245,133,812.86
2025-09-12,CAMP-GGL-01,Search_Brand_Core,SET-G01,Exact_Match_Brand,AD-G101,Search_Text_ApexGear,96.19,918,69,456.16
2025-09-12,CAMP-GGL-02,Shopping_Performance_Max,SET-G02,PMax_All_Products,AD-G102,PMax_Asset_Group_1,108.36,1683,71,533.67
2025-09-12,CAMP-GGL-03,Search_NonBrand_Outerwear,SET-G03,Hiking_Jackets_Generic,AD-G103,Search_Text_WaterproofJacket,177.47,2211,130,812.48
2025-09-13,CAMP-GGL-01,Search_Brand_Core,SET-G01,Exact_Match_Brand,AD-G101,Search_Text_ApexGear,192.29,3387,153,855.78
2025-09-13,CAMP-GGL-02,Shopping_Performance_Max,SET-G02,PMax_All_Products,AD-G102,PMax_Asset_Group_1,134.33,1833,90,646.55
2025-09-13,CAMP-GGL-03,Search_NonBrand_Outerwear,SET-G03,Hiking_Jackets_Generic,AD-G103,Search_Text_WaterproofJacket,120.7,1768,95,654.42
2025-09-14,CAMP-GGL-01,Search_Brand_Core,SET-G01,Exact_Match_Brand,AD-G101,Search_Text_ApexGear,205.77,2022,153,912.16
2025-09-14,CAMP-GGL-02,Shopping_Performance_Max,SET-G02,PMax_All_Products,AD-G102,PMax_Asset_Group_1,151.15,2451,103,828.12
2025-09-14,CAMP-GGL-03,Search_NonBrand_Outerwear,SET-G03,Hiking_Jackets_Generic,AD-G103,Search_Text_WaterproofJacket,113.51,1625,77,518.33
2025-09-15,CAMP-GGL-01,Search_Brand_Core,SET-G01,Exact_Match_Brand,AD-G101,Search_Text_ApexGear,93.54,1851,84,487.05
2025-09-15,CAMP-GGL-02,Shopping_Performance_Max,SET-G02,PMax_All_Products,AD-G102,PMax_Asset_Group_1,132.09,2287,94,628.33
2025-09-15,CAMP-GGL-03,Search_NonBrand_Outerwear,SET-G03,Hiking_Jackets_Generic,AD-G103,Search_Text_WaterproofJacket,160.52,1914,145,833.17
2025-09-16,CAMP-GGL-01,Search_Brand_Core,SET-G01,Exact_Match_Brand,AD-G101,Search_Text_ApexGear,128.96,1691,94,621.6
2025-09-16,CAMP-GGL-02,Shopping_Performance_Max,SET-G02,PMax_All_Products,AD-G102,PMax_Asset_Group_1,169.87,1687,109,787.61
2025-09-16,CAMP-GGL-03,Search_NonBrand_Outerwear,SET-G03,Hiking_Jackets_Generic,AD-G103,Search_Text_WaterproofJacket,173.42,1875,109,843.11
2025-09-17,CAMP-GGL-01,Search_Brand_Core,SET-G01,Exact_Match_Brand,AD-G101,Search_Text_ApexGear,115.08,1139,72,504.7
2025-09-17,CAMP-GGL-02,Shopping_Performance_Max,SET-G02,PMax_All_Products,AD-G102,PMax_Asset_Group_1,115.43,1163,93,545.58
2025-09-17,CAMP-GGL-03,Search_NonBrand_Outerwear,SET-G03,Hiking_Jackets_Generic,AD-G103,Search_Text_WaterproofJacket,94.95,1472,68,408.98
2025-09-18,CAMP-GGL-01,Search_Brand_Core,SET-G01,Exact_Match_Brand,AD-G101,Search_Text_ApexGear,129.56,1804,95,587.74
2025-09-18,CAMP-GGL-02,Shopping_Performance_Max,SET-G02,PMax_All_Products,AD-G102,PMax_Asset_Group_1,97.83,1002,78,533.81
2025-09-18,CAMP-GGL-03,Search_NonBrand_Outerwear,SET-G03,Hiking_Jackets_Generic,AD-G103,Search_Text_WaterproofJacket,120.14,2136,86,646.65
2025-09-19,CAMP-GGL-01,Search_Brand_Core,SET-G01,Exact_Match_Brand,AD-G101,Search_Text_ApexGear,162.96,2217,103,703.78
2025-09-19,CAMP-GGL-02,Shopping_Performance_Max,SET-G02,PMax_All_Products,AD-G102,PMax_Asset_Group_1,176.47,2544,128,744.43
2025-09-19,CAMP-GGL-03,Search_NonBrand_Outerwear,SET-G03,Hiking_Jackets_Generic,AD-G103,Search_Text_WaterproofJacket,130.49,1127,90,672.43
2025-09-20,CAMP-GGL-01,Search_Brand_Core,SET-G01,Exact_Match_Brand,AD-G101,Search_Text_ApexGear,133.26,1725,97,652.08
2025-09-20,CAMP-GGL-02,Shopping_Performance_Max,SET-G02,PMax_All_Products,AD-G102,PMax_Asset_Group_1,121.01,1268,76,642.48
2025-09-20,CAMP-GGL-03,Search_NonBrand_Outerwear,SET-G03,Hiking_Jackets_Generic,AD-G103,Search_Text_WaterproofJacket,165.94,2005,136,814.25
2025-09-21,CAMP-GGL-01,Search_Brand_Core,SET-G01,Exact_Match_Brand,AD-G101,Search_Text_ApexGear,156.82,1787,98,783.28
2025-09-21,CAMP-GGL-02,Shopping_Performance_Max,SET-G02,PMax_All_Products,AD-G102,PMax_Asset_Group_1,183.42,2858,154,862.05
2025-09-21,CAMP-GGL-03,Search_NonBrand_Outerwear,SET-G03,Hiking_Jackets_Generic,AD-G103,Search_Text_WaterproofJacket,148.19,1379,99,715.67
2025-09-22,CAMP-GGL-01,Search_Brand_Core,SET-G01,Exact_Match_Brand,AD-G101,Search_Text_ApexGear,141.88,2240,111,745.29
2025-09-22,CAMP-GGL-02,Shopping_Performance_Max,SET-G02,PMax_All_Products,AD-G102,PMax_Asset_Group_1,110.19,2006,81,500.16
2025-09-22,CAMP-GGL-03,Search_NonBrand_Outerwear,SET-G03,Hiking_Jackets_Generic,AD-G103,Search_Text_WaterproofJacket,148.35,1385,109,708.99
2025-09-23,CAMP-GGL-01,Search_Brand_Core,SET-G01,Exact_Match_Brand,AD-G101,Search_Text_ApexGear,141.41,1465,92,619.56
2025-09-23,CAMP-GGL-02,Shopping_Performance_Max,SET-G02,PMax_All_Products,AD-G102,PMax_Asset_Group_1,168.12,2186,120,863.03
2025-09-23,CAMP-GGL-03,Search_NonBrand_Outerwear,SET-G03,Hiking_Jackets_Generic,AD-G103,Search_Text_WaterproofJacket,98.32,977,73,463.36
2025-09-24,CAMP-GGL-01,Search_Brand_Core,SET-G01,Exact_Match_Brand,AD-G101,Search_Text_ApexGear,111.96,1402,70,609.69
2025-09-24,CAMP-GGL-02,Shopping_Performance_Max,SET-G02,PMax_All_Products,AD-G102,PMax_Asset_Group_1,121.32,1350,78,662.0
2025-09-24,CAMP-GGL-03,Search_NonBrand_Outerwear,SET-G03,Hiking_Jackets_Generic,AD-G103,Search_Text_WaterproofJacket,118.89,1707,87,605.64
2025-09-25,CAMP-GGL-01,Search_Brand_Core,SET-G01,Exact_Match_Brand,AD-G101,Search_Text_ApexGear,156.28,2488,138,666.39
2025-09-25,CAMP-GGL-02,Shopping_Performance_Max,SET-G02,PMax_All_Products,AD-G102,PMax_Asset_Group_1,121.81,1817,96,589.36
2025-09-25,CAMP-GGL-03,Search_NonBrand_Outerwear,SET-G03,Hiking_Jackets_Generic,AD-G103,Search_Text_WaterproofJacket,107.3,1505,85,586.65
2025-09-26,CAMP-GGL-01,Search_Brand_Core,SET-G01,Exact_Match_Brand,AD-G101,Search_Text_ApexGear,130.02,1872,93,712.29
2025-09-26,CAMP-GGL-02,Shopping_Performance_Max,SET-G02,PMax_All_Products,AD-G102,PMax_Asset_Group_1,151.32,2365,103,755.01
2025-09-26,CAMP-GGL-03,Search_NonBrand_Outerwear,SET-G03,Hiking_Jackets_Generic,AD-G103,Search_Text_WaterproofJacket,150.92,1911,133,750.82
2025-09-27,CAMP-GGL-01,Search_Brand_Core,SET-G01,Exact_Match_Brand,AD-G101,Search_Text_ApexGear,125.34,1111,82,531.37
2025-09-27,CAMP-GGL-02,Shopping_Performance_Max,SET-G02,PMax_All_Products,AD-G102,PMax_Asset_Group_1,151.14,1599,125,661.07
2025-09-27,CAMP-GGL-03,Search_NonBrand_Outerwear,SET-G03,Hiking_Jackets_Generic,AD-G103,Search_Text_WaterproofJacket,111.02,1419,92,516.48
2025-09-28,CAMP-GGL-01,Search_Brand_Core,SET-G01,Exact_Match_Brand,AD-G101,Search_Text_ApexGear,159.89,2764,137,731.76
2025-09-28,CAMP-GGL-02,Shopping_Performance_Max,SET-G02,PMax_All_Products,AD-G102,PMax_Asset_Group_1,125.6,1971,96,642.47
2025-09-28,CAMP-GGL-03,Search_NonBrand_Outerwear,SET-G03,Hiking_Jackets_Generic,AD-G103,Search_Text_WaterproofJacket,141.45,1394,109,773.65
2025-09-29,CAMP-GGL-01,Search_Brand_Core,SET-G01,Exact_Match_Brand,AD-G101,Search_Text_ApexGear,162.01,2505,132,694.77
2025-09-29,CAMP-GGL-02,Shopping_Performance_Max,SET-G02,PMax_All_Products,AD-G102,PMax_Asset_Group_1,114.01,1130,84,594.11
2025-09-29,CAMP-GGL-03,Search_NonBrand_Outerwear,SET-G03,Hiking_Jackets_Generic,AD-G103,Search_Text_WaterproofJacket,166.04,2456,129,845.71
2025-09-30,CAMP-GGL-01,Search_Brand_Core,SET-G01,Exact_Match_Brand,AD-G101,Search_Text_ApexGear,95.48,1153,65,402.24
2025-09-30,CAMP-GGL-02,Shopping_Performance_Max,SET-G02,PMax_All_Products,AD-G102,PMax_Asset_Group_1,119.64,1571,82,621.66
2025-09-30,CAMP-GGL-03,Search_NonBrand_Outerwear,SET-G03,Hiking_Jackets_Generic,AD-G103,Search_Text_WaterproofJacket,163.05,1881,130,779.42
2025-10-01,CAMP-GGL-01,Search_Brand_Core,SET-G01,Exact_Match_Brand,AD-G101,Search_Text_ApexGear,152.36,1428,95,684.51
2025-10-01,CAMP-GGL-02,Shopping_Performance_Max,SET-G02,PMax_All_Products,AD-G102,PMax_Asset_Group_1,144.87,1327,93,637.9
2025-10-01,CAMP-GGL-03,Search_NonBrand_Outerwear,SET-G03,Hiking_Jackets_Generic,AD-G103,Search_Text_WaterproofJacket,141.14,2136,114,679.84
2025-10-02,CAMP-GGL-01,Search_Brand_Core,SET-G01,Exact_Match_Brand,AD-G101,Search_Text_ApexGear,142.14,1409,92,702.19
2025-10-02,CAMP-GGL-02,Shopping_Performance_Max,SET-G02,PMax_All_Products,AD-G102,PMax_Asset_Group_1,136.69,2027,121,615.48
2025-10-02,CAMP-GGL-03,Search_NonBrand_Outerwear,SET-G03,Hiking_Jackets_Generic,AD-G103,Search_Text_WaterproofJacket,117.92,1871,99,572.55
2025-10-03,CAMP-GGL-01,Search_Brand_Core,SET-G01,Exact_Match_Brand,AD-G101,Search_Text_ApexGear,113.23,1102,85,495.19
2025-10-03,CAMP-GGL-02,Shopping_Performance_Max,SET-G02,PMax_All_Products,AD-G102,PMax_Asset_Group_1,168.09,1618,115,729.19
2025-10-03,CAMP-GGL-03,Search_NonBrand_Outerwear,SET-G03,Hiking_Jackets_Generic,AD-G103,Search_Text_WaterproofJacket,162.72,1657,109,707.53
2025-10-04,CAMP-GGL-01,Search_Brand_Core,SET-G01,Exact_Match_Brand,AD-G101,Search_Text_ApexGear,189.85,2331,136,956.91
2025-10-04,CAMP-GGL-02,Shopping_Performance_Max,SET-G02,PMax_All_Products,AD-G102,PMax_Asset_Group_1,158.22,3259,141,795.95
2025-10-04,CAMP-GGL-03,Search_NonBrand_Outerwear,SET-G03,Hiking_Jackets_Generic,AD-G103,Search_Text_WaterproofJacket,148.52,2624,119,729.09
2025-10-05,CAMP-GGL-01,Search_Brand_Core,SET-G01,Exact_Match_Brand,AD-G101,Search_Text_ApexGear,175.09,2626,116,772.56
2025-10-05,CAMP-GGL-02,Shopping_Performance_Max,SET-G02,PMax_All_Products,AD-G102,PMax_Asset_Group_1,118.56,1311,77,579.36
2025-10-05,CAMP-GGL-03,Search_NonBrand_Outerwear,SET-G03,Hiking_Jackets_Generic,AD-G103,Search_Text_WaterproofJacket,114.54,1093,80,610.31
2025-10-06,CAMP-GGL-01,Search_Brand_Core,SET-G01,Exact_Match_Brand,AD-G101,Search_Text_ApexGear,146.34,3049,128,636.01
2025-10-06,CAMP-GGL-02,Shopping_Performance_Max,SET-G02,PMax_All_Products,AD-G102,PMax_Asset_Group_1,113.17,1732,96,513.57
2025-10-06,CAMP-GGL-03,Search_NonBrand_Outerwear,SET-G03,Hiking_Jackets_Generic,AD-G103,Search_Text_WaterproofJacket,174.87,1812,124,924.27
2025-10-07,CAMP-GGL-01,Search_Brand_Core,SET-G01,Exact_Match_Brand,AD-G101,Search_Text_ApexGear,100.13,1037,68,456.36
2025-10-07,CAMP-GGL-02,Shopping_Performance_Max,SET-G02,PMax_All_Products,AD-G102,PMax_Asset_Group_1,120.69,1465,75,548.25
2025-10-07,CAMP-GGL-03,Search_NonBrand_Outerwear,SET-G03,Hiking_Jackets_Generic,AD-G103,Search_Text_WaterproofJacket,173.76,2260,156,887.17
2025-10-08,CAMP-GGL-01,Search_Brand_Core,SET-G01,Exact_Match_Brand,AD-G101,Search_Text_ApexGear,165.27,2440,104,903.74
2025-10-08,CAMP-GGL-02,Shopping_Performance_Max,SET-G02,PMax_All_Products,AD-G102,PMax_Asset_Group_1,163.97,2547,115,826.66
2025-10-08,CAMP-GGL-03,Search_NonBrand_Outerwear,SET-G03,Hiking_Jackets_Generic,AD-G103,Search_Text_WaterproofJacket,148.52,1615,93,799.83
2025-10-09,CAMP-GGL-01,Search_Brand_Core,SET-G01,Exact_Match_Brand,AD-G101,Search_Text_ApexGear,93.6,1072,73,493.68
2025-10-09,CAMP-GGL-02,Shopping_Performance_Max,SET-G02,PMax_All_Products,AD-G102,PMax_Asset_Group_1,131.34,1974,116,624.52
2025-10-09,CAMP-GGL-03,Search_NonBrand_Outerwear,SET-G03,Hiking_Jackets_Generic,AD-G103,Search_Text_WaterproofJacket,173.57,1999,122,799.32
2025-10-10,CAMP-GGL-01,Search_Brand_Core,SET-G01,Exact_Match_Brand,AD-G101,Search_Text_ApexGear,95.94,1014,60,447.86
2025-10-10,CAMP-GGL-02,Shopping_Performance_Max,SET-G02,PMax_All_Products,AD-G102,PMax_Asset_Group_1,121.98,1224,84,617.33
2025-10-10,CAMP-GGL-03,Search_NonBrand_Outerwear,SET-G03,Hiking_Jackets_Generic,AD-G103,Search_Text_WaterproofJacket,114.13,1359,90,497.93
2025-10-11,CAMP-GGL-01,Search_Brand_Core,SET-G01,Exact_Match_Brand,AD-G101,Search_Text_ApexGear,107.62,1004,76,573.68
2025-10-11,CAMP-GGL-02,Shopping_Performance_Max,SET-G02,PMax_All_Products,AD-G102,PMax_Asset_Group_1,149.98,1675,112,644.92
2025-10-11,CAMP-GGL-03,Search_NonBrand_Outerwear,SET-G03,Hiking_Jackets_Generic,AD-G103,Search_Text_WaterproofJacket,188.5,2093,154,894.94
2025-10-12,CAMP-GGL-01,Search_Brand_Core,SET-G01,Exact_Match_Brand,AD-G101,Search_Text_ApexGear,194.28,3333,159,955.03
2025-10-12,CAMP-GGL-02,Shopping_Performance_Max,SET-G02,PMax_All_Products,AD-G102,PMax_Asset_Group_1,114.04,1036,73,600.61
2025-10-12,CAMP-GGL-03,Search_NonBrand_Outerwear,SET-G03,Hiking_Jackets_Generic,AD-G103,Search_Text_WaterproofJacket,108.55,1322,71,517.72
2025-10-13,CAMP-GGL-01,Search_Brand_Core,SET-G01,Exact_Match_Brand,AD-G101,Search_Text_ApexGear,139.18,1911,121,721.46
2025-10-13,CAMP-GGL-02,Shopping_Performance_Max,SET-G02,PMax_All_Products,AD-G102,PMax_Asset_Group_1,106.79,2105,89,474.1
2025-10-13,CAMP-GGL-03,Search_NonBrand_Outerwear,SET-G03,Hiking_Jackets_Generic,AD-G103,Search_Text_WaterproofJacket,142.9,2240,94,603.43
2025-10-14,CAMP-GGL-01,Search_Brand_Core,SET-G01,Exact_Match_Brand,AD-G101,Search_Text_ApexGear,141.55,1722,93,654.63
2025-10-14,CAMP-GGL-02,Shopping_Performance_Max,SET-G02,PMax_All_Products,AD-G102,PMax_Asset_Group_1,143.67,1671,116,608.38
2025-10-14,CAMP-GGL-03,Search_NonBrand_Outerwear,SET-G03,Hiking_Jackets_Generic,AD-G103,Search_Text_WaterproofJacket,146.31,1566,105,755.57
2025-10-15,CAMP-GGL-01,Search_Brand_Core,SET-G01,Exact_Match_Brand,AD-G101,Search_Text_ApexGear,108.53,1880,85,473.62
2025-10-15,CAMP-GGL-02,Shopping_Performance_Max,SET-G02,PMax_All_Products,AD-G102,PMax_Asset_Group_1,150.86,1504,98,822.42
2025-10-15,CAMP-GGL-03,Search_NonBrand_Outerwear,SET-G03,Hiking_Jackets_Generic,AD-G103,Search_Text_WaterproofJacket,106.57,1456,92,560.21
2025-10-16,CAMP-GGL-01,Search_Brand_Core,SET-G01,Exact_Match_Brand,AD-G101,Search_Text_ApexGear,145.65,1321,97,744.89
2025-10-16,CAMP-GGL-02,Shopping_Performance_Max,SET-G02,PMax_All_Products,AD-G102,PMax_Asset_Group_1,95.06,1244,64,504.4
2025-10-16,CAMP-GGL-03,Search_NonBrand_Outerwear,SET-G03,Hiking_Jackets_Generic,AD-G103,Search_Text_WaterproofJacket,147.64,2830,117,803.95
2025-10-17,CAMP-GGL-01,Search_Brand_Core,SET-G01,Exact_Match_Brand,AD-G101,Search_Text_ApexGear,142.18,2551,120,728.8
2025-10-17,CAMP-GGL-02,Shopping_Performance_Max,SET-G02,PMax_All_Products,AD-G102,PMax_Asset_Group_1,111.18,1691,82,599.18
2025-10-17,CAMP-GGL-03,Search_NonBrand_Outerwear,SET-G03,Hiking_Jackets_Generic,AD-G103,Search_Text_WaterproofJacket,102.98,902,69,499.54
2025-10-18,CAMP-GGL-01,Search_Brand_Core,SET-G01,Exact_Match_Brand,AD-G101,Search_Text_ApexGear,118.67,1793,83,534.34
2025-10-18,CAMP-GGL-02,Shopping_Performance_Max,SET-G02,PMax_All_Products,AD-G102,PMax_Asset_Group_1,174.23,2367,124,902.73
2025-10-18,CAMP-GGL-03,Search_NonBrand_Outerwear,SET-G03,Hiking_Jackets_Generic,AD-G103,Search_Text_WaterproofJacket,149.87,2224,115,821.19
2025-10-19,CAMP-GGL-01,Search_Brand_Core,SET-G01,Exact_Match_Brand,AD-G101,Search_Text_ApexGear,134.01,2076,104,661.2
2025-10-19,CAMP-GGL-02,Shopping_Performance_Max,SET-G02,PMax_All_Products,AD-G102,PMax_Asset_Group_1,198.23,3624,160,1063.42
2025-10-19,CAMP-GGL-03,Search_NonBrand_Outerwear,SET-G03,Hiking_Jackets_Generic,AD-G103,Search_Text_WaterproofJacket,171.45,1397,110,757.7
2025-10-20,CAMP-GGL-01,Search_Brand_Core,SET-G01,Exact_Match_Brand,AD-G101,Search_Text_ApexGear,130.76,1594,83,664.24
2025-10-20,CAMP-GGL-02,Shopping_Performance_Max,SET-G02,PMax_All_Products,AD-G102,PMax_Asset_Group_1,106.95,1857,85,462.12
2025-10-20,CAMP-GGL-03,Search_NonBrand_Outerwear,SET-G03,Hiking_Jackets_Generic,AD-G103,Search_Text_WaterproofJacket,99.42,1642,75,520.39
2025-10-21,CAMP-GGL-01,Search_Brand_Core,SET-G01,Exact_Match_Brand,AD-G101,Search_Text_ApexGear,101.73,1617,71,453.34
2025-10-21,CAMP-GGL-02,Shopping_Performance_Max,SET-G02,PMax_All_Products,AD-G102,PMax_Asset_Group_1,105.02,1237,67,553.24
2025-10-21,CAMP-GGL-03,Search_NonBrand_Outerwear,SET-G03,Hiking_Jackets_Generic,AD-G103,Search_Text_WaterproofJacket,149.02,1604,108,757.06
2025-10-22,CAMP-GGL-01,Search_Brand_Core,SET-G01,Exact_Match_Brand,AD-G101,Search_Text_ApexGear,146.59,2026,118,623.11
2025-10-22,CAMP-GGL-02,Shopping_Performance_Max,SET-G02,PMax_All_Products,AD-G102,PMax_Asset_Group_1,170.19,1531,122,898.96
2025-10-22,CAMP-GGL-03,Search_NonBrand_Outerwear,SET-G03,Hiking_Jackets_Generic,AD-G103,Search_Text_WaterproofJacket,104.73,909,72,531.67
2025-10-23,CAMP-GGL-01,Search_Brand_Core,SET-G01,Exact_Match_Brand,AD-G101,Search_Text_ApexGear,178.7,1709,123,807.13
2025-10-23,CAMP-GGL-02,Shopping_Performance_Max,SET-G02,PMax_All_Products,AD-G102,PMax_Asset_Group_1,99.63,1193,66,536.33
2025-10-23,CAMP-GGL-03,Search_NonBrand_Outerwear,SET-G03,Hiking_Jackets_Generic,AD-G103,Search_Text_WaterproofJacket,146.76,2117,111,699.91
2025-10-24,CAMP-GGL-01,Search_Brand_Core,SET-G01,Exact_Match_Brand,AD-G101,Search_Text_ApexGear,158.59,2149,101,860.03
2025-10-24,CAMP-GGL-02,Shopping_Performance_Max,SET-G02,PMax_All_Products,AD-G102,PMax_Asset_Group_1,168.73,2670,114,764.13
2025-10-24,CAMP-GGL-03,Search_NonBrand_Outerwear,SET-G03,Hiking_Jackets_Generic,AD-G103,Search_Text_WaterproofJacket,114.12,1060,73,573.24
2025-10-25,CAMP-GGL-01,Search_Brand_Core,SET-G01,Exact_Match_Brand,AD-G101,Search_Text_ApexGear,130.12,1617,89,551.26
2025-10-25,CAMP-GGL-02,Shopping_Performance_Max,SET-G02,PMax_All_Products,AD-G102,PMax_Asset_Group_1,168.37,2894,143,887.29
2025-10-25,CAMP-GGL-03,Search_NonBrand_Outerwear,SET-G03,Hiking_Jackets_Generic,AD-G103,Search_Text_WaterproofJacket,171.01,2957,131,850.75
2025-10-26,CAMP-GGL-01,Search_Brand_Core,SET-G01,Exact_Match_Brand,AD-G101,Search_Text_ApexGear,105.25,920,67,478.94
2025-10-26,CAMP-GGL-02,Shopping_Performance_Max,SET-G02,PMax_All_Products,AD-G102,PMax_Asset_Group_1,206.93,2570,171,940.44
2025-10-26,CAMP-GGL-03,Search_NonBrand_Outerwear,SET-G03,Hiking_Jackets_Generic,AD-G103,Search_Text_WaterproofJacket,203.42,1810,130,987.35
2025-10-27,CAMP-GGL-01,Search_Brand_Core,SET-G01,Exact_Match_Brand,AD-G101,Search_Text_ApexGear,102.22,1374,64,557.47
2025-10-27,CAMP-GGL-02,Shopping_Performance_Max,SET-G02,PMax_All_Products,AD-G102,PMax_Asset_Group_1,116.95,1390,101,532.5
2025-10-27,CAMP-GGL-03,Search_NonBrand_Outerwear,SET-G03,Hiking_Jackets_Generic,AD-G103,Search_Text_WaterproofJacket,124.05,1362,108,576.2
2025-10-28,CAMP-GGL-01,Search_Brand_Core,SET-G01,Exact_Match_Brand,AD-G101,Search_Text_ApexGear,146.67,1409,112,647.77
2025-10-28,CAMP-GGL-02,Shopping_Performance_Max,SET-G02,PMax_All_Products,AD-G102,PMax_Asset_Group_1,163.88,3123,132,703.22
2025-10-28,CAMP-GGL-03,Search_NonBrand_Outerwear,SET-G03,Hiking_Jackets_Generic,AD-G103,Search_Text_WaterproofJacket,100.83,1202,72,545.23
2025-10-29,CAMP-GGL-01,Search_Brand_Core,SET-G01,Exact_Match_Brand,AD-G101,Search_Text_ApexGear,165.87,1804,125,849.45
2025-10-29,CAMP-GGL-02,Shopping_Performance_Max,SET-G02,PMax_All_Products,AD-G102,PMax_Asset_Group_1,105.66,1914,82,531.31
2025-10-29,CAMP-GGL-03,Search_NonBrand_Outerwear,SET-G03,Hiking_Jackets_Generic,AD-G103,Search_Text_WaterproofJacket,122.54,1508,89,673.37
2025-10-30,CAMP-GGL-01,Search_Brand_Core,SET-G01,Exact_Match_Brand,AD-G101,Search_Text_ApexGear,163.45,1943,124,855.71
2025-10-30,CAMP-GGL-02,Shopping_Performance_Max,SET-G02,PMax_All_Products,AD-G102,PMax_Asset_Group_1,169.79,1993,130,846.5
2025-10-30,CAMP-GGL-03,Search_NonBrand_Outerwear,SET-G03,Hiking_Jackets_Generic,AD-G103,Search_Text_WaterproofJacket,127.56,2655,108,551.27
2025-10-31,CAMP-GGL-01,Search_Brand_Core,SET-G01,Exact_Match_Brand,AD-G101,Search_Text_ApexGear,168.62,1987,138,754.57
2025-10-31,CAMP-GGL-02,Shopping_Performance_Max,SET-G02,PMax_All_Products,AD-G102,PMax_Asset_Group_1,118.8,1109,87,524.06
2025-10-31,CAMP-GGL-03,Search_NonBrand_Outerwear,SET-G03,Hiking_Jackets_Generic,AD-G103,Search_Text_WaterproofJacket,166.64,1532,108,788.01
2025-11-01,CAMP-GGL-01,Search_Brand_Core,SET-G01,Exact_Match_Brand,AD-G101,Search_Text_ApexGear,118.39,1685,107,500.31
2025-11-01,CAMP-GGL-02,Shopping_Performance_Max,SET-G02,PMax_All_Products,AD-G102,PMax_Asset_Group_1,150.63,1932,110,634.11
2025-11-01,CAMP-GGL-03,Search_NonBrand_Outerwear,SET-G03,Hiking_Jackets_Generic,AD-G103,Search_Text_WaterproofJacket,177.82,2716,134,916.11
2025-11-02,CAMP-GGL-01,Search_Brand_Core,SET-G01,Exact_Match_Brand,AD-G101,Search_Text_ApexGear,187.66,2708,134,839.59
2025-11-02,CAMP-GGL-02,Shopping_Performance_Max,SET-G02,PMax_All_Products,AD-G102,PMax_Asset_Group_1,168.5,2205,111,798.74
2025-11-02,CAMP-GGL-03,Search_NonBrand_Outerwear,SET-G03,Hiking_Jackets_Generic,AD-G103,Search_Text_WaterproofJacket,193.24,2251,134,924.17
2025-11-03,CAMP-GGL-01,Search_Brand_Core,SET-G01,Exact_Match_Brand,AD-G101,Search_Text_ApexGear,108.38,952,76,505.74
2025-11-03,CAMP-GGL-02,Shopping_Performance_Max,SET-G02,PMax_All_Products,AD-G102,PMax_Asset_Group_1,133.22,1291,99,657.52
2025-11-03,CAMP-GGL-03,Search_NonBrand_Outerwear,SET-G03,Hiking_Jackets_Generic,AD-G103,Search_Text_WaterproofJacket,162.07,1922,122,832.12
2025-11-04,CAMP-GGL-01,Search_Brand_Core,SET-G01,Exact_Match_Brand,AD-G101,Search_Text_ApexGear,134.31,2247,112,645.11
2025-11-04,CAMP-GGL-02,Shopping_Performance_Max,SET-G02,PMax_All_Products,AD-G102,PMax_Asset_Group_1,172.34,2201,135,937.18
2025-11-04,CAMP-GGL-03,Search_NonBrand_Outerwear,SET-G03,Hiking_Jackets_Generic,AD-G103,Search_Text_WaterproofJacket,146.84,1944,107,641.43
2025-11-05,CAMP-GGL-01,Search_Brand_Core,SET-G01,Exact_Match_Brand,AD-G101,Search_Text_ApexGear,98.92,984,70,472.93
2025-11-05,CAMP-GGL-02,Shopping_Performance_Max,SET-G02,PMax_All_Products,AD-G102,PMax_Asset_Group_1,109.84,1193,92,519.35
2025-11-05,CAMP-GGL-03,Search_NonBrand_Outerwear,SET-G03,Hiking_Jackets_Generic,AD-G103,Search_Text_WaterproofJacket,153.94,2697,117,750.07
2025-11-06,CAMP-GGL-01,Search_Brand_Core,SET-G01,Exact_Match_Brand,AD-G101,Search_Text_ApexGear,178.61,1954,124,816.43
2025-11-06,CAMP-GGL-02,Shopping_Performance_Max,SET-G02,PMax_All_Products,AD-G102,PMax_Asset_Group_1,99.85,955,63,442.06
2025-11-06,CAMP-GGL-03,Search_NonBrand_Outerwear,SET-G03,Hiking_Jackets_Generic,AD-G103,Search_Text_WaterproofJacket,112.09,1135,76,583.97
2025-11-07,CAMP-GGL-01,Search_Brand_Core,SET-G01,Exact_Match_Brand,AD-G101,Search_Text_ApexGear,145.3,1746,93,625.11
2025-11-07,CAMP-GGL-02,Shopping_Performance_Max,SET-G02,PMax_All_Products,AD-G102,PMax_Asset_Group_1,112.35,1010,70,528.74
2025-11-07,CAMP-GGL-03,Search_NonBrand_Outerwear,SET-G03,Hiking_Jackets_Generic,AD-G103,Search_Text_WaterproofJacket,151.63,2438,125,683.96
2025-11-08,CAMP-GGL-01,Search_Brand_Core,SET-G01,Exact_Match_Brand,AD-G101,Search_Text_ApexGear,146.05,1582,119,617.14
2025-11-08,CAMP-GGL-02,Shopping_Performance_Max,SET-G02,PMax_All_Products,AD-G102,PMax_Asset_Group_1,203.44,3971,160,943.97
2025-11-08,CAMP-GGL-03,Search_NonBrand_Outerwear,SET-G03,Hiking_Jackets_Generic,AD-G103,Search_Text_WaterproofJacket,173.91,2457,114,763.57
2025-11-09,CAMP-GGL-01,Search_Brand_Core,SET-G01,Exact_Match_Brand,AD-G101,Search_Text_ApexGear,185.27,2018,131,788.94
2025-11-09,CAMP-GGL-02,Shopping_Performance_Max,SET-G02,PMax_All_Products,AD-G102,PMax_Asset_Group_1,135.47,1449,105,704.53
2025-11-09,CAMP-GGL-03,Search_NonBrand_Outerwear,SET-G03,Hiking_Jackets_Generic,AD-G103,Search_Text_WaterproofJacket,144.94,1298,92,685.33
2025-11-10,CAMP-GGL-01,Search_Brand_Core,SET-G01,Exact_Match_Brand,AD-G101,Search_Text_ApexGear,133.55,1977,86,718.51
2025-11-10,CAMP-GGL-02,Shopping_Performance_Max,SET-G02,PMax_All_Products,AD-G102,PMax_Asset_Group_1,174.28,2394,115,911.26
2025-11-10,CAMP-GGL-03,Search_NonBrand_Outerwear,SET-G03,Hiking_Jackets_Generic,AD-G103,Search_Text_WaterproofJacket,162.46,1357,106,743.4
2025-11-11,CAMP-GGL-01,Search_Brand_Core,SET-G01,Exact_Match_Brand,AD-G101,Search_Text_ApexGear,94.49,1269,80,462.89
2025-11-11,CAMP-GGL-02,Shopping_Performance_Max,SET-G02,PMax_All_Products,AD-G102,PMax_Asset_Group_1,148.06,3183,133,806.7
2025-11-11,CAMP-GGL-03,Search_NonBrand_Outerwear,SET-G03,Hiking_Jackets_Generic,AD-G103,Search_Text_WaterproofJacket,102.88,1190,92,507.91
2025-11-12,CAMP-GGL-01,Search_Brand_Core,SET-G01,Exact_Match_Brand,AD-G101,Search_Text_ApexGear,149.94,1605,99,632.34
2025-11-12,CAMP-GGL-02,Shopping_Performance_Max,SET-G02,PMax_All_Products,AD-G102,PMax_Asset_Group_1,131.36,1439,97,564.04
2025-11-12,CAMP-GGL-03,Search_NonBrand_Outerwear,SET-G03,Hiking_Jackets_Generic,AD-G103,Search_Text_WaterproofJacket,135.29,1979,91,653.57
2025-11-13,CAMP-GGL-01,Search_Brand_Core,SET-G01,Exact_Match_Brand,AD-G101,Search_Text_ApexGear,148.34,1937,125,791.26
2025-11-13,CAMP-GGL-02,Shopping_Performance_Max,SET-G02,PMax_All_Products,AD-G102,PMax_Asset_Group_1,104.15,1514,65,507.61
2025-11-13,CAMP-GGL-03,Search_NonBrand_Outerwear,SET-G03,Hiking_Jackets_Generic,AD-G103,Search_Text_WaterproofJacket,146.41,1636,119,767.89
2025-11-14,CAMP-GGL-01,Search_Brand_Core,SET-G01,Exact_Match_Brand,AD-G101,Search_Text_ApexGear,178.11,1867,131,853.4
2025-11-14,CAMP-GGL-02,Shopping_Performance_Max,SET-G02,PMax_All_Products,AD-G102,PMax_Asset_Group_1,101.92,1698,74,500.44
2025-11-14,CAMP-GGL-03,Search_NonBrand_Outerwear,SET-G03,Hiking_Jackets_Generic,AD-G103,Search_Text_WaterproofJacket,127.62,1887,83,678.05
2025-11-15,CAMP-GGL-01,Search_Brand_Core,SET-G01,Exact_Match_Brand,AD-G101,Search_Text_ApexGear,112.89,2015,91,602.52
2025-11-15,CAMP-GGL-02,Shopping_Performance_Max,SET-G02,PMax_All_Products,AD-G102,PMax_Asset_Group_1,178.02,2839,154,891.89
2025-11-15,CAMP-GGL-03,Search_NonBrand_Outerwear,SET-G03,Hiking_Jackets_Generic,AD-G103,Search_Text_WaterproofJacket,185.15,3075,152,931.48
2025-11-16,CAMP-GGL-01,Search_Brand_Core,SET-G01,Exact_Match_Brand,AD-G101,Search_Text_ApexGear,177.36,1540,115,774.15
2025-11-16,CAMP-GGL-02,Shopping_Performance_Max,SET-G02,PMax_All_Products,AD-G102,PMax_Asset_Group_1,164.94,3036,141,784.42
2025-11-16,CAMP-GGL-03,Search_NonBrand_Outerwear,SET-G03,Hiking_Jackets_Generic,AD-G103,Search_Text_WaterproofJacket,175.99,1958,118,763.36
2025-11-17,CAMP-GGL-01,Search_Brand_Core,SET-G01,Exact_Match_Brand,AD-G101,Search_Text_ApexGear,163.32,1333,104,794.97
2025-11-17,CAMP-GGL-02,Shopping_Performance_Max,SET-G02,PMax_All_Products,AD-G102,PMax_Asset_Group_1,138.21,1774,106,732.88
2025-11-17,CAMP-GGL-03,Search_NonBrand_Outerwear,SET-G03,Hiking_Jackets_Generic,AD-G103,Search_Text_WaterproofJacket,132.47,1337,98,702.2
2025-11-18,CAMP-GGL-01,Search_Brand_Core,SET-G01,Exact_Match_Brand,AD-G101,Search_Text_ApexGear,126.32,1573,99,611.33
2025-11-18,CAMP-GGL-02,Shopping_Performance_Max,SET-G02,PMax_All_Products,AD-G102,PMax_Asset_Group_1,111.45,1386,74,538.57
2025-11-18,CAMP-GGL-03,Search_NonBrand_Outerwear,SET-G03,Hiking_Jackets_Generic,AD-G103,Search_Text_WaterproofJacket,99.61,1551,81,541.29
2025-11-19,CAMP-GGL-01,Search_Brand_Core,SET-G01,Exact_Match_Brand,AD-G101,Search_Text_ApexGear,105.2,1907,79,483.84
2025-11-19,CAMP-GGL-02,Shopping_Performance_Max,SET-G02,PMax_All_Products,AD-G102,PMax_Asset_Group_1,119.08,1584,86,585.54
2025-11-19,CAMP-GGL-03,Search_NonBrand_Outerwear,SET-G03,Hiking_Jackets_Generic,AD-G103,Search_Text_WaterproofJacket,130.26,1629,82,610.99
2025-11-20,CAMP-GGL-01,Search_Brand_Core,SET-G01,Exact_Match_Brand,AD-G101,Search_Text_ApexGear,111.91,1741,84,580.52
2025-11-20,CAMP-GGL-02,Shopping_Performance_Max,SET-G02,PMax_All_Products,AD-G102,PMax_Asset_Group_1,153.84,1942,138,729.91
2025-11-20,CAMP-GGL-03,Search_NonBrand_Outerwear,SET-G03,Hiking_Jackets_Generic,AD-G103,Search_Text_WaterproofJacket,120.49,1248,87,538.17
2025-11-21,CAMP-GGL-01,Search_Brand_Core,SET-G01,Exact_Match_Brand,AD-G101,Search_Text_ApexGear,94.71,826,62,422.18
2025-11-21,CAMP-GGL-02,Shopping_Performance_Max,SET-G02,PMax_All_Products,AD-G102,PMax_Asset_Group_1,121.73,1088,83,561.78
2025-11-21,CAMP-GGL-03,Search_NonBrand_Outerwear,SET-G03,Hiking_Jackets_Generic,AD-G103,Search_Text_WaterproofJacket,101.4,1964,85,490.87
2025-11-22,CAMP-GGL-01,Search_Brand_Core,SET-G01,Exact_Match_Brand,AD-G101,Search_Text_ApexGear,123.78,1416,78,677.01
2025-11-22,CAMP-GGL-02,Shopping_Performance_Max,SET-G02,PMax_All_Products,AD-G102,PMax_Asset_Group_1,199.06,2129,145,905.86
2025-11-22,CAMP-GGL-03,Search_NonBrand_Outerwear,SET-G03,Hiking_Jackets_Generic,AD-G103,Search_Text_WaterproofJacket,171.7,1599,107,780.3
2025-11-23,CAMP-GGL-01,Search_Brand_Core,SET-G01,Exact_Match_Brand,AD-G101,Search_Text_ApexGear,108.88,1175,94,457.85
2025-11-23,CAMP-GGL-02,Shopping_Performance_Max,SET-G02,PMax_All_Products,AD-G102,PMax_Asset_Group_1,186.54,2384,124,907.08
2025-11-23,CAMP-GGL-03,Search_NonBrand_Outerwear,SET-G03,Hiking_Jackets_Generic,AD-G103,Search_Text_WaterproofJacket,119.16,1352,95,558.71
2025-11-24,CAMP-GGL-01,Search_Brand_Core,SET-G01,Exact_Match_Brand,AD-G101,Search_Text_ApexGear,138.57,2744,121,585.24
2025-11-24,CAMP-GGL-02,Shopping_Performance_Max,SET-G02,PMax_All_Products,AD-G102,PMax_Asset_Group_1,126.94,1123,81,638.33
2025-11-24,CAMP-GGL-03,Search_NonBrand_Outerwear,SET-G03,Hiking_Jackets_Generic,AD-G103,Search_Text_WaterproofJacket,131.97,1372,103,572.87
2025-11-25,CAMP-GGL-01,Search_Brand_Core,SET-G01,Exact_Match_Brand,AD-G101,Search_Text_ApexGear,160.48,2269,135,780.89
2025-11-25,CAMP-GGL-02,Shopping_Performance_Max,SET-G02,PMax_All_Products,AD-G102,PMax_Asset_Group_1,146.26,1493,92,724.53
2025-11-25,CAMP-GGL-03,Search_NonBrand_Outerwear,SET-G03,Hiking_Jackets_Generic,AD-G103,Search_Text_WaterproofJacket,94.53,2009,83,420.05
2025-11-26,CAMP-GGL-01,Search_Brand_Core,SET-G01,Exact_Match_Brand,AD-G101,Search_Text_ApexGear,156.9,1456,107,686.73
2025-11-26,CAMP-GGL-02,Shopping_Performance_Max,SET-G02,PMax_All_Products,AD-G102,PMax_Asset_Group_1,103.93,1512,83,470.15
2025-11-26,CAMP-GGL-03,Search_NonBrand_Outerwear,SET-G03,Hiking_Jackets_Generic,AD-G103,Search_Text_WaterproofJacket,112.92,1044,83,534.07
2025-11-27,CAMP-GGL-01,Search_Brand_Core,SET-G01,Exact_Match_Brand,AD-G101,Search_Text_ApexGear,95.03,1245,81,405.65
2025-11-27,CAMP-GGL-02,Shopping_Performance_Max,SET-G02,PMax_All_Products,AD-G102,PMax_Asset_Group_1,94.91,1015,62,461.79
2025-11-27,CAMP-GGL-03,Search_NonBrand_Outerwear,SET-G03,Hiking_Jackets_Generic,AD-G103,Search_Text_WaterproofJacket,140.54,2236,118,626.39
2025-11-28,CAMP-GGL-01,Search_Brand_Core,SET-G01,Exact_Match_Brand,AD-G101,Search_Text_ApexGear,143.41,1510,119,624.01
2025-11-28,CAMP-GGL-02,Shopping_Performance_Max,SET-G02,PMax_All_Products,AD-G102,PMax_Asset_Group_1,91.98,1175,61,480.54
2025-11-28,CAMP-GGL-03,Search_NonBrand_Outerwear,SET-G03,Hiking_Jackets_Generic,AD-G103,Search_Text_WaterproofJacket,102.21,1323,87,521.95
2025-11-29,CAMP-GGL-01,Search_Brand_Core,SET-G01,Exact_Match_Brand,AD-G101,Search_Text_ApexGear,184.51,2530,117,940.91
2025-11-29,CAMP-GGL-02,Shopping_Performance_Max,SET-G02,PMax_All_Products,AD-G102,PMax_Asset_Group_1,128.7,1958,84,575.56
2025-11-29,CAMP-GGL-03,Search_NonBrand_Outerwear,SET-G03,Hiking_Jackets_Generic,AD-G103,Search_Text_WaterproofJacket,176.29,2045,135,951.27
2025-11-30,CAMP-GGL-01,Search_Brand_Core,SET-G01,Exact_Match_Brand,AD-G101,Search_Text_ApexGear,112.86,1327,71,511.95
2025-11-30,CAMP-GGL-02,Shopping_Performance_Max,SET-G02,PMax_All_Products,AD-G102,PMax_Asset_Group_1,145.13,2848,128,703.22
2025-11-30,CAMP-GGL-03,Search_NonBrand_Outerwear,SET-G03,Hiking_Jackets_Generic,AD-G103,Search_Text_WaterproofJacket,145.0,1566,113,754.68
2025-12-01,CAMP-GGL-01,Search_Brand_Core,SET-G01,Exact_Match_Brand,AD-G101,Search_Text_ApexGear,103.81,1737,80,486.39
2025-12-01,CAMP-GGL-02,Shopping_Performance_Max,SET-G02,PMax_All_Products,AD-G102,PMax_Asset_Group_1,161.86,2030,111,719.87
2025-12-01,CAMP-GGL-03,Search_NonBrand_Outerwear,SET-G03,Hiking_Jackets_Generic,AD-G103,Search_Text_WaterproofJacket,99.52,881,70,433.69
2025-12-02,CAMP-GGL-01,Search_Brand_Core,SET-G01,Exact_Match_Brand,AD-G101,Search_Text_ApexGear,160.26,1608,123,793.63
2025-12-02,CAMP-GGL-02,Shopping_Performance_Max,SET-G02,PMax_All_Products,AD-G102,PMax_Asset_Group_1,139.87,1586,117,656.31
2025-12-02,CAMP-GGL-03,Search_NonBrand_Outerwear,SET-G03,Hiking_Jackets_Generic,AD-G103,Search_Text_WaterproofJacket,147.98,1359,103,788.27
2025-12-03,CAMP-GGL-01,Search_Brand_Core,SET-G01,Exact_Match_Brand,AD-G101,Search_Text_ApexGear,172.78,2154,150,847.89
2025-12-03,CAMP-GGL-02,Shopping_Performance_Max,SET-G02,PMax_All_Products,AD-G102,PMax_Asset_Group_1,158.12,1557,112,698.39
2025-12-03,CAMP-GGL-03,Search_NonBrand_Outerwear,SET-G03,Hiking_Jackets_Generic,AD-G103,Search_Text_WaterproofJacket,154.81,2874,135,743.55
2025-12-04,CAMP-GGL-01,Search_Brand_Core,SET-G01,Exact_Match_Brand,AD-G101,Search_Text_ApexGear,120.37,1742,108,568.2
2025-12-04,CAMP-GGL-02,Shopping_Performance_Max,SET-G02,PMax_All_Products,AD-G102,PMax_Asset_Group_1,145.76,2077,101,770.66
2025-12-04,CAMP-GGL-03,Search_NonBrand_Outerwear,SET-G03,Hiking_Jackets_Generic,AD-G103,Search_Text_WaterproofJacket,100.84,835,66,444.06
2025-12-05,CAMP-GGL-01,Search_Brand_Core,SET-G01,Exact_Match_Brand,AD-G101,Search_Text_ApexGear,165.83,2779,122,908.06
2025-12-05,CAMP-GGL-02,Shopping_Performance_Max,SET-G02,PMax_All_Products,AD-G102,PMax_Asset_Group_1,117.28,1063,82,545.94
2025-12-05,CAMP-GGL-03,Search_NonBrand_Outerwear,SET-G03,Hiking_Jackets_Generic,AD-G103,Search_Text_WaterproofJacket,95.91,1043,69,476.49
2025-12-06,CAMP-GGL-01,Search_Brand_Core,SET-G01,Exact_Match_Brand,AD-G101,Search_Text_ApexGear,129.96,2113,101,688.37
2025-12-06,CAMP-GGL-02,Shopping_Performance_Max,SET-G02,PMax_All_Products,AD-G102,PMax_Asset_Group_1,189.08,1984,136,981.48
2025-12-06,CAMP-GGL-03,Search_NonBrand_Outerwear,SET-G03,Hiking_Jackets_Generic,AD-G103,Search_Text_WaterproofJacket,124.98,1571,90,665.9
2025-12-07,CAMP-GGL-01,Search_Brand_Core,SET-G01,Exact_Match_Brand,AD-G101,Search_Text_ApexGear,203.54,2752,153,892.65
2025-12-07,CAMP-GGL-02,Shopping_Performance_Max,SET-G02,PMax_All_Products,AD-G102,PMax_Asset_Group_1,202.0,2126,160,1076.36
2025-12-07,CAMP-GGL-03,Search_NonBrand_Outerwear,SET-G03,Hiking_Jackets_Generic,AD-G103,Search_Text_WaterproofJacket,139.74,2325,122,718.53
2025-12-08,CAMP-GGL-01,Search_Brand_Core,SET-G01,Exact_Match_Brand,AD-G101,Search_Text_ApexGear,160.46,1701,121,775.16
2025-12-08,CAMP-GGL-02,Shopping_Performance_Max,SET-G02,PMax_All_Products,AD-G102,PMax_Asset_Group_1,124.41,1718,94,583.36
2025-12-08,CAMP-GGL-03,Search_NonBrand_Outerwear,SET-G03,Hiking_Jackets_Generic,AD-G103,Search_Text_WaterproofJacket,137.34,1492,91,641.42
2025-12-09,CAMP-GGL-01,Search_Brand_Core,SET-G01,Exact_Match_Brand,AD-G101,Search_Text_ApexGear,150.37,1564,121,685.8
2025-12-09,CAMP-GGL-02,Shopping_Performance_Max,SET-G02,PMax_All_Products,AD-G102,PMax_Asset_Group_1,155.12,2696,111,782.12
2025-12-09,CAMP-GGL-03,Search_NonBrand_Outerwear,SET-G03,Hiking_Jackets_Generic,AD-G103,Search_Text_WaterproofJacket,145.63,1967,107,714.97
2025-12-10,CAMP-GGL-01,Search_Brand_Core,SET-G01,Exact_Match_Brand,AD-G101,Search_Text_ApexGear,97.33,1437,81,529.08
2025-12-10,CAMP-GGL-02,Shopping_Performance_Max,SET-G02,PMax_All_Products,AD-G102,PMax_Asset_Group_1,132.0,1703,117,560.85
2025-12-10,CAMP-GGL-03,Search_NonBrand_Outerwear,SET-G03,Hiking_Jackets_Generic,AD-G103,Search_Text_WaterproofJacket,138.43,1461,102,625.16
2025-12-11,CAMP-GGL-01,Search_Brand_Core,SET-G01,Exact_Match_Brand,AD-G101,Search_Text_ApexGear,105.14,1690,87,504.56
2025-12-11,CAMP-GGL-02,Shopping_Performance_Max,SET-G02,PMax_All_Products,AD-G102,PMax_Asset_Group_1,112.27,1068,78,566.54
2025-12-11,CAMP-GGL-03,Search_NonBrand_Outerwear,SET-G03,Hiking_Jackets_Generic,AD-G103,Search_Text_WaterproofJacket,127.59,1414,112,581.27
2025-12-12,CAMP-GGL-01,Search_Brand_Core,SET-G01,Exact_Match_Brand,AD-G101,Search_Text_ApexGear,143.66,1613,98,604.75
2025-12-12,CAMP-GGL-02,Shopping_Performance_Max,SET-G02,PMax_All_Products,AD-G102,PMax_Asset_Group_1,93.38,850,67,503.97
2025-12-12,CAMP-GGL-03,Search_NonBrand_Outerwear,SET-G03,Hiking_Jackets_Generic,AD-G103,Search_Text_WaterproofJacket,138.65,1553,104,752.66
2025-12-13,CAMP-GGL-01,Search_Brand_Core,SET-G01,Exact_Match_Brand,AD-G101,Search_Text_ApexGear,110.22,1394,82,497.35
2025-12-13,CAMP-GGL-02,Shopping_Performance_Max,SET-G02,PMax_All_Products,AD-G102,PMax_Asset_Group_1,150.64,2319,108,702.56
2025-12-13,CAMP-GGL-03,Search_NonBrand_Outerwear,SET-G03,Hiking_Jackets_Generic,AD-G103,Search_Text_WaterproofJacket,155.63,1905,102,787.99
2025-12-14,CAMP-GGL-01,Search_Brand_Core,SET-G01,Exact_Match_Brand,AD-G101,Search_Text_ApexGear,200.33,3078,128,895.91
2025-12-14,CAMP-GGL-02,Shopping_Performance_Max,SET-G02,PMax_All_Products,AD-G102,PMax_Asset_Group_1,180.23,1574,119,983.74
2025-12-14,CAMP-GGL-03,Search_NonBrand_Outerwear,SET-G03,Hiking_Jackets_Generic,AD-G103,Search_Text_WaterproofJacket,165.66,2426,121,701.77
2025-12-15,CAMP-GGL-01,Search_Brand_Core,SET-G01,Exact_Match_Brand,AD-G101,Search_Text_ApexGear,131.37,1319,92,646.92
2025-12-15,CAMP-GGL-02,Shopping_Performance_Max,SET-G02,PMax_All_Products,AD-G102,PMax_Asset_Group_1,115.18,1467,83,496.95
2025-12-15,CAMP-GGL-03,Search_NonBrand_Outerwear,SET-G03,Hiking_Jackets_Generic,AD-G103,Search_Text_WaterproofJacket,157.51,2112,108,864.39
2025-12-16,CAMP-GGL-01,Search_Brand_Core,SET-G01,Exact_Match_Brand,AD-G101,Search_Text_ApexGear,134.84,1427,106,643.56
2025-12-16,CAMP-GGL-02,Shopping_Performance_Max,SET-G02,PMax_All_Products,AD-G102,PMax_Asset_Group_1,151.58,1307,98,676.74
2025-12-16,CAMP-GGL-03,Search_NonBrand_Outerwear,SET-G03,Hiking_Jackets_Generic,AD-G103,Search_Text_WaterproofJacket,95.38,1160,61,441.4
2025-12-17,CAMP-GGL-01,Search_Brand_Core,SET-G01,Exact_Match_Brand,AD-G101,Search_Text_ApexGear,136.09,1589,86,580.03
2025-12-17,CAMP-GGL-02,Shopping_Performance_Max,SET-G02,PMax_All_Products,AD-G102,PMax_Asset_Group_1,167.09,2245,128,745.04
2025-12-17,CAMP-GGL-03,Search_NonBrand_Outerwear,SET-G03,Hiking_Jackets_Generic,AD-G103,Search_Text_WaterproofJacket,124.7,1328,80,647.26
2025-12-18,CAMP-GGL-01,Search_Brand_Core,SET-G01,Exact_Match_Brand,AD-G101,Search_Text_ApexGear,178.95,2653,134,765.14
2025-12-18,CAMP-GGL-02,Shopping_Performance_Max,SET-G02,PMax_All_Products,AD-G102,PMax_Asset_Group_1,129.25,1542,109,702.06
2025-12-18,CAMP-GGL-03,Search_NonBrand_Outerwear,SET-G03,Hiking_Jackets_Generic,AD-G103,Search_Text_WaterproofJacket,114.15,1043,81,586.49
2025-12-19,CAMP-GGL-01,Search_Brand_Core,SET-G01,Exact_Match_Brand,AD-G101,Search_Text_ApexGear,169.35,1984,124,881.81
2025-12-19,CAMP-GGL-02,Shopping_Performance_Max,SET-G02,PMax_All_Products,AD-G102,PMax_Asset_Group_1,139.74,1961,120,609.82
2025-12-19,CAMP-GGL-03,Search_NonBrand_Outerwear,SET-G03,Hiking_Jackets_Generic,AD-G103,Search_Text_WaterproofJacket,114.2,2469,102,586.95
2025-12-20,CAMP-GGL-01,Search_Brand_Core,SET-G01,Exact_Match_Brand,AD-G101,Search_Text_ApexGear,165.11,2021,120,901.41
2025-12-20,CAMP-GGL-02,Shopping_Performance_Max,SET-G02,PMax_All_Products,AD-G102,PMax_Asset_Group_1,110.08,1001,80,582.7
2025-12-20,CAMP-GGL-03,Search_NonBrand_Outerwear,SET-G03,Hiking_Jackets_Generic,AD-G103,Search_Text_WaterproofJacket,148.04,2455,117,796.26
2025-12-21,CAMP-GGL-01,Search_Brand_Core,SET-G01,Exact_Match_Brand,AD-G101,Search_Text_ApexGear,167.2,2375,128,711.17
2025-12-21,CAMP-GGL-02,Shopping_Performance_Max,SET-G02,PMax_All_Products,AD-G102,PMax_Asset_Group_1,130.95,1774,90,711.51
2025-12-21,CAMP-GGL-03,Search_NonBrand_Outerwear,SET-G03,Hiking_Jackets_Generic,AD-G103,Search_Text_WaterproofJacket,187.49,3876,166,918.62
2025-12-22,CAMP-GGL-01,Search_Brand_Core,SET-G01,Exact_Match_Brand,AD-G101,Search_Text_ApexGear,174.06,1603,117,879.93
2025-12-22,CAMP-GGL-02,Shopping_Performance_Max,SET-G02,PMax_All_Products,AD-G102,PMax_Asset_Group_1,148.28,1208,93,760.4
2025-12-22,CAMP-GGL-03,Search_NonBrand_Outerwear,SET-G03,Hiking_Jackets_Generic,AD-G103,Search_Text_WaterproofJacket,136.54,2595,117,667.22
2025-12-23,CAMP-GGL-01,Search_Brand_Core,SET-G01,Exact_Match_Brand,AD-G101,Search_Text_ApexGear,143.32,2623,106,717.94
2025-12-23,CAMP-GGL-02,Shopping_Performance_Max,SET-G02,PMax_All_Products,AD-G102,PMax_Asset_Group_1,107.54,1427,79,584.55
2025-12-23,CAMP-GGL-03,Search_NonBrand_Outerwear,SET-G03,Hiking_Jackets_Generic,AD-G103,Search_Text_WaterproofJacket,128.19,1674,87,639.02
2025-12-24,CAMP-GGL-01,Search_Brand_Core,SET-G01,Exact_Match_Brand,AD-G101,Search_Text_ApexGear,126.97,2321,105,692.73
2025-12-24,CAMP-GGL-02,Shopping_Performance_Max,SET-G02,PMax_All_Products,AD-G102,PMax_Asset_Group_1,123.47,1544,110,554.17
2025-12-24,CAMP-GGL-03,Search_NonBrand_Outerwear,SET-G03,Hiking_Jackets_Generic,AD-G103,Search_Text_WaterproofJacket,108.11,2326,94,520.74
2025-12-25,CAMP-GGL-01,Search_Brand_Core,SET-G01,Exact_Match_Brand,AD-G101,Search_Text_ApexGear,97.63,835,64,507.96
2025-12-25,CAMP-GGL-02,Shopping_Performance_Max,SET-G02,PMax_All_Products,AD-G102,PMax_Asset_Group_1,166.91,1612,115,712.38
2025-12-25,CAMP-GGL-03,Search_NonBrand_Outerwear,SET-G03,Hiking_Jackets_Generic,AD-G103,Search_Text_WaterproofJacket,166.1,2230,110,807.42
2025-12-26,CAMP-GGL-01,Search_Brand_Core,SET-G01,Exact_Match_Brand,AD-G101,Search_Text_ApexGear,166.08,2444,113,909.29
2025-12-26,CAMP-GGL-02,Shopping_Performance_Max,SET-G02,PMax_All_Products,AD-G102,PMax_Asset_Group_1,110.31,1916,91,576.95
2025-12-26,CAMP-GGL-03,Search_NonBrand_Outerwear,SET-G03,Hiking_Jackets_Generic,AD-G103,Search_Text_WaterproofJacket,96.0,817,60,406.3
2025-12-27,CAMP-GGL-01,Search_Brand_Core,SET-G01,Exact_Match_Brand,AD-G101,Search_Text_ApexGear,141.32,1209,92,695.44
2025-12-27,CAMP-GGL-02,Shopping_Performance_Max,SET-G02,PMax_All_Products,AD-G102,PMax_Asset_Group_1,199.36,3598,180,856.86
2025-12-27,CAMP-GGL-03,Search_NonBrand_Outerwear,SET-G03,Hiking_Jackets_Generic,AD-G103,Search_Text_WaterproofJacket,172.77,1726,111,828.94
2025-12-28,CAMP-GGL-01,Search_Brand_Core,SET-G01,Exact_Match_Brand,AD-G101,Search_Text_ApexGear,123.01,1596,81,671.33
2025-12-28,CAMP-GGL-02,Shopping_Performance_Max,SET-G02,PMax_All_Products,AD-G102,PMax_Asset_Group_1,154.71,2245,135,762.24
2025-12-28,CAMP-GGL-03,Search_NonBrand_Outerwear,SET-G03,Hiking_Jackets_Generic,AD-G103,Search_Text_WaterproofJacket,118.45,1462,89,548.94
2025-12-29,CAMP-GGL-01,Search_Brand_Core,SET-G01,Exact_Match_Brand,AD-G101,Search_Text_ApexGear,142.71,1882,129,740.57
2025-12-29,CAMP-GGL-02,Shopping_Performance_Max,SET-G02,PMax_All_Products,AD-G102,PMax_Asset_Group_1,122.97,1393,109,637.16
2025-12-29,CAMP-GGL-03,Search_NonBrand_Outerwear,SET-G03,Hiking_Jackets_Generic,AD-G103,Search_Text_WaterproofJacket,111.61,1395,88,495.43
2025-12-30,CAMP-GGL-01,Search_Brand_Core,SET-G01,Exact_Match_Brand,AD-G101,Search_Text_ApexGear,103.94,1297,81,530.73
2025-12-30,CAMP-GGL-02,Shopping_Performance_Max,SET-G02,PMax_All_Products,AD-G102,PMax_Asset_Group_1,124.78,2361,95,615.26
2025-12-30,CAMP-GGL-03,Search_NonBrand_Outerwear,SET-G03,Hiking_Jackets_Generic,AD-G103,Search_Text_WaterproofJacket,97.07,922,63,417.52
2025-12-31,CAMP-GGL-01,Search_Brand_Core,SET-G01,Exact_Match_Brand,AD-G101,Search_Text_ApexGear,172.8,2214,139,808.99
2025-12-31,CAMP-GGL-02,Shopping_Performance_Max,SET-G02,PMax_All_Products,AD-G102,PMax_Asset_Group_1,169.35,2461,107,874.09
2025-12-31,CAMP-GGL-03,Search_NonBrand_Outerwear,SET-G03,Hiking_Jackets_Generic,AD-G103,Search_Text_WaterproofJacket,150.22,2740,115,722.85
2026-01-01,CAMP-GGL-01,Search_Brand_Core,SET-G01,Exact_Match_Brand,AD-G101,Search_Text_ApexGear,297.77,2189,114,644.13
2026-01-01,CAMP-GGL-02,Shopping_Performance_Max,SET-G02,PMax_All_Products,AD-G102,PMax_Asset_Group_1,346.0,2554,130,830.12
2026-01-01,CAMP-GGL-03,Search_NonBrand_Outerwear,SET-G03,Hiking_Jackets_Generic,AD-G103,Search_Text_WaterproofJacket,279.38,2149,136,708.68
2026-01-02,CAMP-GGL-01,Search_Brand_Core,SET-G01,Exact_Match_Brand,AD-G101,Search_Text_ApexGear,383.37,2199,159,802.33
2026-01-02,CAMP-GGL-02,Shopping_Performance_Max,SET-G02,PMax_All_Products,AD-G102,PMax_Asset_Group_1,380.82,3220,198,724.8
2026-01-02,CAMP-GGL-03,Search_NonBrand_Outerwear,SET-G03,Hiking_Jackets_Generic,AD-G103,Search_Text_WaterproofJacket,484.14,3245,229,1208.24
2026-01-03,CAMP-GGL-01,Search_Brand_Core,SET-G01,Exact_Match_Brand,AD-G101,Search_Text_ApexGear,358.75,2820,195,674.98
2026-01-03,CAMP-GGL-02,Shopping_Performance_Max,SET-G02,PMax_All_Products,AD-G102,PMax_Asset_Group_1,344.91,2289,158,759.27
2026-01-03,CAMP-GGL-03,Search_NonBrand_Outerwear,SET-G03,Hiking_Jackets_Generic,AD-G103,Search_Text_WaterproofJacket,320.05,2352,145,700.29
2026-01-04,CAMP-GGL-01,Search_Brand_Core,SET-G01,Exact_Match_Brand,AD-G101,Search_Text_ApexGear,522.78,3913,265,1278.86
2026-01-04,CAMP-GGL-02,Shopping_Performance_Max,SET-G02,PMax_All_Products,AD-G102,PMax_Asset_Group_1,447.31,3909,178,952.6
2026-01-04,CAMP-GGL-03,Search_NonBrand_Outerwear,SET-G03,Hiking_Jackets_Generic,AD-G103,Search_Text_WaterproofJacket,478.91,3849,206,1107.0
2026-01-05,CAMP-GGL-01,Search_Brand_Core,SET-G01,Exact_Match_Brand,AD-G101,Search_Text_ApexGear,476.72,3431,199,890.67
2026-01-05,CAMP-GGL-02,Shopping_Performance_Max,SET-G02,PMax_All_Products,AD-G102,PMax_Asset_Group_1,439.09,2229,169,964.1
2026-01-05,CAMP-GGL-03,Search_NonBrand_Outerwear,SET-G03,Hiking_Jackets_Generic,AD-G103,Search_Text_WaterproofJacket,316.92,1885,143,798.28
2026-01-06,CAMP-GGL-01,Search_Brand_Core,SET-G01,Exact_Match_Brand,AD-G101,Search_Text_ApexGear,421.43,2117,158,788.5
2026-01-06,CAMP-GGL-02,Shopping_Performance_Max,SET-G02,PMax_All_Products,AD-G102,PMax_Asset_Group_1,330.15,2926,166,657.49
2026-01-06,CAMP-GGL-03,Search_NonBrand_Outerwear,SET-G03,Hiking_Jackets_Generic,AD-G103,Search_Text_WaterproofJacket,312.8,2835,147,596.82
2026-01-07,CAMP-GGL-01,Search_Brand_Core,SET-G01,Exact_Match_Brand,AD-G101,Search_Text_ApexGear,393.07,2505,175,816.55
2026-01-07,CAMP-GGL-02,Shopping_Performance_Max,SET-G02,PMax_All_Products,AD-G102,PMax_Asset_Group_1,473.38,2651,185,977.81
2026-01-07,CAMP-GGL-03,Search_NonBrand_Outerwear,SET-G03,Hiking_Jackets_Generic,AD-G103,Search_Text_WaterproofJacket,288.0,2060,149,598.03
2026-01-08,CAMP-GGL-01,Search_Brand_Core,SET-G01,Exact_Match_Brand,AD-G101,Search_Text_ApexGear,311.59,2246,167,593.69
2026-01-08,CAMP-GGL-02,Shopping_Performance_Max,SET-G02,PMax_All_Products,AD-G102,PMax_Asset_Group_1,408.45,3240,198,916.66
2026-01-08,CAMP-GGL-03,Search_NonBrand_Outerwear,SET-G03,Hiking_Jackets_Generic,AD-G103,Search_Text_WaterproofJacket,413.86,3875,203,1031.14
2026-01-09,CAMP-GGL-01,Search_Brand_Core,SET-G01,Exact_Match_Brand,AD-G101,Search_Text_ApexGear,423.53,4309,233,888.62
2026-01-09,CAMP-GGL-02,Shopping_Performance_Max,SET-G02,PMax_All_Products,AD-G102,PMax_Asset_Group_1,385.87,4229,206,938.48
2026-01-09,CAMP-GGL-03,Search_NonBrand_Outerwear,SET-G03,Hiking_Jackets_Generic,AD-G103,Search_Text_WaterproofJacket,419.26,2312,161,943.13
2026-01-10,CAMP-GGL-01,Search_Brand_Core,SET-G01,Exact_Match_Brand,AD-G101,Search_Text_ApexGear,477.78,4267,221,1169.17
2026-01-10,CAMP-GGL-02,Shopping_Performance_Max,SET-G02,PMax_All_Products,AD-G102,PMax_Asset_Group_1,451.72,3396,177,950.04
2026-01-10,CAMP-GGL-03,Search_NonBrand_Outerwear,SET-G03,Hiking_Jackets_Generic,AD-G103,Search_Text_WaterproofJacket,419.56,2588,160,1067.33
2026-01-11,CAMP-GGL-01,Search_Brand_Core,SET-G01,Exact_Match_Brand,AD-G101,Search_Text_ApexGear,477.67,3571,176,897.46
2026-01-11,CAMP-GGL-02,Shopping_Performance_Max,SET-G02,PMax_All_Products,AD-G102,PMax_Asset_Group_1,491.31,3303,187,1221.21
2026-01-11,CAMP-GGL-03,Search_NonBrand_Outerwear,SET-G03,Hiking_Jackets_Generic,AD-G103,Search_Text_WaterproofJacket,313.19,2691,139,621.55
2026-01-12,CAMP-GGL-01,Search_Brand_Core,SET-G01,Exact_Match_Brand,AD-G101,Search_Text_ApexGear,443.07,4132,236,1090.87
2026-01-12,CAMP-GGL-02,Shopping_Performance_Max,SET-G02,PMax_All_Products,AD-G102,PMax_Asset_Group_1,399.02,4840,211,825.93
2026-01-12,CAMP-GGL-03,Search_NonBrand_Outerwear,SET-G03,Hiking_Jackets_Generic,AD-G103,Search_Text_WaterproofJacket,490.39,3841,188,1063.02
2026-01-13,CAMP-GGL-01,Search_Brand_Core,SET-G01,Exact_Match_Brand,AD-G101,Search_Text_ApexGear,483.36,3598,225,932.3
2026-01-13,CAMP-GGL-02,Shopping_Performance_Max,SET-G02,PMax_All_Products,AD-G102,PMax_Asset_Group_1,485.94,3469,269,967.26
2026-01-13,CAMP-GGL-03,Search_NonBrand_Outerwear,SET-G03,Hiking_Jackets_Generic,AD-G103,Search_Text_WaterproofJacket,292.77,2054,153,660.53
2026-01-14,CAMP-GGL-01,Search_Brand_Core,SET-G01,Exact_Match_Brand,AD-G101,Search_Text_ApexGear,369.28,3072,132,865.35
2026-01-14,CAMP-GGL-02,Shopping_Performance_Max,SET-G02,PMax_All_Products,AD-G102,PMax_Asset_Group_1,498.21,3610,225,1011.33
2026-01-14,CAMP-GGL-03,Search_NonBrand_Outerwear,SET-G03,Hiking_Jackets_Generic,AD-G103,Search_Text_WaterproofJacket,326.08,2966,172,587.32
2026-01-15,CAMP-GGL-01,Search_Brand_Core,SET-G01,Exact_Match_Brand,AD-G101,Search_Text_ApexGear,459.22,3749,193,1193.68
2026-01-15,CAMP-GGL-02,Shopping_Performance_Max,SET-G02,PMax_All_Products,AD-G102,PMax_Asset_Group_1,320.11,3170,163,618.21
2026-01-15,CAMP-GGL-03,Search_NonBrand_Outerwear,SET-G03,Hiking_Jackets_Generic,AD-G103,Search_Text_WaterproofJacket,448.21,3347,165,1156.41
2026-01-16,CAMP-GGL-01,Search_Brand_Core,SET-G01,Exact_Match_Brand,AD-G101,Search_Text_ApexGear,470.32,2941,220,889.03
2026-01-16,CAMP-GGL-02,Shopping_Performance_Max,SET-G02,PMax_All_Products,AD-G102,PMax_Asset_Group_1,409.03,4039,208,876.91
2026-01-16,CAMP-GGL-03,Search_NonBrand_Outerwear,SET-G03,Hiking_Jackets_Generic,AD-G103,Search_Text_WaterproofJacket,434.2,4550,192,1125.2
2026-01-17,CAMP-GGL-01,Search_Brand_Core,SET-G01,Exact_Match_Brand,AD-G101,Search_Text_ApexGear,389.57,3229,170,858.03
2026-01-17,CAMP-GGL-02,Shopping_Performance_Max,SET-G02,PMax_All_Products,AD-G102,PMax_Asset_Group_1,497.16,2562,185,1268.24
2026-01-17,CAMP-GGL-03,Search_NonBrand_Outerwear,SET-G03,Hiking_Jackets_Generic,AD-G103,Search_Text_WaterproofJacket,532.04,4334,226,1309.2
2026-01-18,CAMP-GGL-01,Search_Brand_Core,SET-G01,Exact_Match_Brand,AD-G101,Search_Text_ApexGear,402.06,3675,189,874.04
2026-01-18,CAMP-GGL-02,Shopping_Performance_Max,SET-G02,PMax_All_Products,AD-G102,PMax_Asset_Group_1,563.96,4355,266,1059.36
2026-01-18,CAMP-GGL-03,Search_NonBrand_Outerwear,SET-G03,Hiking_Jackets_Generic,AD-G103,Search_Text_WaterproofJacket,303.92,2714,159,600.4
2026-01-19,CAMP-GGL-01,Search_Brand_Core,SET-G01,Exact_Match_Brand,AD-G101,Search_Text_ApexGear,358.31,2401,137,856.93
2026-01-19,CAMP-GGL-02,Shopping_Performance_Max,SET-G02,PMax_All_Products,AD-G102,PMax_Asset_Group_1,333.43,3730,157,806.63
2026-01-19,CAMP-GGL-03,Search_NonBrand_Outerwear,SET-G03,Hiking_Jackets_Generic,AD-G103,Search_Text_WaterproofJacket,253.21,2144,97,552.43
2026-01-20,CAMP-GGL-01,Search_Brand_Core,SET-G01,Exact_Match_Brand,AD-G101,Search_Text_ApexGear,308.89,1652,113,768.4
2026-01-20,CAMP-GGL-02,Shopping_Performance_Max,SET-G02,PMax_All_Products,AD-G102,PMax_Asset_Group_1,370.56,2022,159,956.12
2026-01-20,CAMP-GGL-03,Search_NonBrand_Outerwear,SET-G03,Hiking_Jackets_Generic,AD-G103,Search_Text_WaterproofJacket,303.82,2389,116,594.82
2026-01-21,CAMP-GGL-01,Search_Brand_Core,SET-G01,Exact_Match_Brand,AD-G101,Search_Text_ApexGear,419.02,4361,190,1066.5
2026-01-21,CAMP-GGL-02,Shopping_Performance_Max,SET-G02,PMax_All_Products,AD-G102,PMax_Asset_Group_1,377.88,3004,139,953.5
2026-01-21,CAMP-GGL-03,Search_NonBrand_Outerwear,SET-G03,Hiking_Jackets_Generic,AD-G103,Search_Text_WaterproofJacket,341.66,1791,141,658.56
2026-01-22,CAMP-GGL-01,Search_Brand_Core,SET-G01,Exact_Match_Brand,AD-G101,Search_Text_ApexGear,478.69,5596,243,908.04
2026-01-22,CAMP-GGL-02,Shopping_Performance_Max,SET-G02,PMax_All_Products,AD-G102,PMax_Asset_Group_1,477.36,4123,239,1018.22
2026-01-22,CAMP-GGL-03,Search_NonBrand_Outerwear,SET-G03,Hiking_Jackets_Generic,AD-G103,Search_Text_WaterproofJacket,399.75,2756,213,792.07
2026-01-23,CAMP-GGL-01,Search_Brand_Core,SET-G01,Exact_Match_Brand,AD-G101,Search_Text_ApexGear,477.1,3466,184,866.19
2026-01-23,CAMP-GGL-02,Shopping_Performance_Max,SET-G02,PMax_All_Products,AD-G102,PMax_Asset_Group_1,406.99,2998,196,1028.74
2026-01-23,CAMP-GGL-03,Search_NonBrand_Outerwear,SET-G03,Hiking_Jackets_Generic,AD-G103,Search_Text_WaterproofJacket,267.98,2273,98,687.69
2026-01-24,CAMP-GGL-01,Search_Brand_Core,SET-G01,Exact_Match_Brand,AD-G101,Search_Text_ApexGear,440.55,4429,209,931.44
2026-01-24,CAMP-GGL-02,Shopping_Performance_Max,SET-G02,PMax_All_Products,AD-G102,PMax_Asset_Group_1,453.7,3786,164,999.26
2026-01-24,CAMP-GGL-03,Search_NonBrand_Outerwear,SET-G03,Hiking_Jackets_Generic,AD-G103,Search_Text_WaterproofJacket,465.75,3781,217,1157.27
2026-01-25,CAMP-GGL-01,Search_Brand_Core,SET-G01,Exact_Match_Brand,AD-G101,Search_Text_ApexGear,342.94,3397,172,828.2
2026-01-25,CAMP-GGL-02,Shopping_Performance_Max,SET-G02,PMax_All_Products,AD-G102,PMax_Asset_Group_1,508.08,4315,253,1045.3
2026-01-25,CAMP-GGL-03,Search_NonBrand_Outerwear,SET-G03,Hiking_Jackets_Generic,AD-G103,Search_Text_WaterproofJacket,558.67,3754,204,1098.06
2026-01-26,CAMP-GGL-01,Search_Brand_Core,SET-G01,Exact_Match_Brand,AD-G101,Search_Text_ApexGear,287.35,1630,124,623.11
2026-01-26,CAMP-GGL-02,Shopping_Performance_Max,SET-G02,PMax_All_Products,AD-G102,PMax_Asset_Group_1,482.5,2900,220,1058.31
2026-01-26,CAMP-GGL-03,Search_NonBrand_Outerwear,SET-G03,Hiking_Jackets_Generic,AD-G103,Search_Text_WaterproofJacket,451.68,4395,250,928.68
2026-01-27,CAMP-GGL-01,Search_Brand_Core,SET-G01,Exact_Match_Brand,AD-G101,Search_Text_ApexGear,307.43,2327,153,562.67
2026-01-27,CAMP-GGL-02,Shopping_Performance_Max,SET-G02,PMax_All_Products,AD-G102,PMax_Asset_Group_1,315.63,2358,170,626.46
2026-01-27,CAMP-GGL-03,Search_NonBrand_Outerwear,SET-G03,Hiking_Jackets_Generic,AD-G103,Search_Text_WaterproofJacket,462.87,2553,202,987.24
2026-01-28,CAMP-GGL-01,Search_Brand_Core,SET-G01,Exact_Match_Brand,AD-G101,Search_Text_ApexGear,300.14,3154,148,610.33
2026-01-28,CAMP-GGL-02,Shopping_Performance_Max,SET-G02,PMax_All_Products,AD-G102,PMax_Asset_Group_1,344.84,2248,127,790.47
2026-01-28,CAMP-GGL-03,Search_NonBrand_Outerwear,SET-G03,Hiking_Jackets_Generic,AD-G103,Search_Text_WaterproofJacket,483.6,4166,261,951.83
2026-01-29,CAMP-GGL-01,Search_Brand_Core,SET-G01,Exact_Match_Brand,AD-G101,Search_Text_ApexGear,403.89,3319,219,857.23
2026-01-29,CAMP-GGL-02,Shopping_Performance_Max,SET-G02,PMax_All_Products,AD-G102,PMax_Asset_Group_1,424.52,3977,174,873.0
2026-01-29,CAMP-GGL-03,Search_NonBrand_Outerwear,SET-G03,Hiking_Jackets_Generic,AD-G103,Search_Text_WaterproofJacket,356.78,3118,184,912.68
2026-01-30,CAMP-GGL-01,Search_Brand_Core,SET-G01,Exact_Match_Brand,AD-G101,Search_Text_ApexGear,329.31,2442,128,723.94
2026-01-30,CAMP-GGL-02,Shopping_Performance_Max,SET-G02,PMax_All_Products,AD-G102,PMax_Asset_Group_1,452.99,4035,169,1059.27
2026-01-30,CAMP-GGL-03,Search_NonBrand_Outerwear,SET-G03,Hiking_Jackets_Generic,AD-G103,Search_Text_WaterproofJacket,391.58,3092,152,747.61
2026-01-31,CAMP-GGL-01,Search_Brand_Core,SET-G01,Exact_Match_Brand,AD-G101,Search_Text_ApexGear,541.22,5038,297,1300.11
2026-01-31,CAMP-GGL-02,Shopping_Performance_Max,SET-G02,PMax_All_Products,AD-G102,PMax_Asset_Group_1,415.95,4228,230,1021.37
2026-01-31,CAMP-GGL-03,Search_NonBrand_Outerwear,SET-G03,Hiking_Jackets_Generic,AD-G103,Search_Text_WaterproofJacket,442.97,2275,178,1046.34
2026-02-01,CAMP-GGL-01,Search_Brand_Core,SET-G01,Exact_Match_Brand,AD-G101,Search_Text_ApexGear,440.26,3044,200,1128.37
2026-02-01,CAMP-GGL-02,Shopping_Performance_Max,SET-G02,PMax_All_Products,AD-G102,PMax_Asset_Group_1,373.22,3542,193,923.36
2026-02-01,CAMP-GGL-03,Search_NonBrand_Outerwear,SET-G03,Hiking_Jackets_Generic,AD-G103,Search_Text_WaterproofJacket,477.39,3277,210,935.28
2026-02-02,CAMP-GGL-01,Search_Brand_Core,SET-G01,Exact_Match_Brand,AD-G101,Search_Text_ApexGear,265.17,2071,119,593.26
2026-02-02,CAMP-GGL-02,Shopping_Performance_Max,SET-G02,PMax_All_Products,AD-G102,PMax_Asset_Group_1,437.17,3994,166,1056.64
2026-02-02,CAMP-GGL-03,Search_NonBrand_Outerwear,SET-G03,Hiking_Jackets_Generic,AD-G103,Search_Text_WaterproofJacket,298.53,1730,127,760.61
2026-02-03,CAMP-GGL-01,Search_Brand_Core,SET-G01,Exact_Match_Brand,AD-G101,Search_Text_ApexGear,460.63,3722,219,987.39
2026-02-03,CAMP-GGL-02,Shopping_Performance_Max,SET-G02,PMax_All_Products,AD-G102,PMax_Asset_Group_1,289.34,3183,158,739.99
2026-02-03,CAMP-GGL-03,Search_NonBrand_Outerwear,SET-G03,Hiking_Jackets_Generic,AD-G103,Search_Text_WaterproofJacket,309.99,2595,164,788.24
2026-02-04,CAMP-GGL-01,Search_Brand_Core,SET-G01,Exact_Match_Brand,AD-G101,Search_Text_ApexGear,416.76,2358,153,865.4
2026-02-04,CAMP-GGL-02,Shopping_Performance_Max,SET-G02,PMax_All_Products,AD-G102,PMax_Asset_Group_1,259.7,1839,130,640.16
2026-02-04,CAMP-GGL-03,Search_NonBrand_Outerwear,SET-G03,Hiking_Jackets_Generic,AD-G103,Search_Text_WaterproofJacket,337.66,3874,155,751.92
2026-02-05,CAMP-GGL-01,Search_Brand_Core,SET-G01,Exact_Match_Brand,AD-G101,Search_Text_ApexGear,310.31,2131,154,620.74
2026-02-05,CAMP-GGL-02,Shopping_Performance_Max,SET-G02,PMax_All_Products,AD-G102,PMax_Asset_Group_1,319.92,2144,160,704.92
2026-02-05,CAMP-GGL-03,Search_NonBrand_Outerwear,SET-G03,Hiking_Jackets_Generic,AD-G103,Search_Text_WaterproofJacket,310.34,2360,165,647.1
2026-02-06,CAMP-GGL-01,Search_Brand_Core,SET-G01,Exact_Match_Brand,AD-G101,Search_Text_ApexGear,387.67,2063,148,995.41
2026-02-06,CAMP-GGL-02,Shopping_Performance_Max,SET-G02,PMax_All_Products,AD-G102,PMax_Asset_Group_1,400.95,2192,174,734.56
2026-02-06,CAMP-GGL-03,Search_NonBrand_Outerwear,SET-G03,Hiking_Jackets_Generic,AD-G103,Search_Text_WaterproofJacket,345.87,3445,177,807.04
2026-02-07,CAMP-GGL-01,Search_Brand_Core,SET-G01,Exact_Match_Brand,AD-G101,Search_Text_ApexGear,455.91,2600,191,983.21
2026-02-07,CAMP-GGL-02,Shopping_Performance_Max,SET-G02,PMax_All_Products,AD-G102,PMax_Asset_Group_1,363.68,2419,161,811.06
2026-02-07,CAMP-GGL-03,Search_NonBrand_Outerwear,SET-G03,Hiking_Jackets_Generic,AD-G103,Search_Text_WaterproofJacket,512.89,5062,233,1188.28
2026-02-08,CAMP-GGL-01,Search_Brand_Core,SET-G01,Exact_Match_Brand,AD-G101,Search_Text_ApexGear,555.64,6223,254,1324.43
2026-02-08,CAMP-GGL-02,Shopping_Performance_Max,SET-G02,PMax_All_Products,AD-G102,PMax_Asset_Group_1,346.49,2471,151,867.13
2026-02-08,CAMP-GGL-03,Search_NonBrand_Outerwear,SET-G03,Hiking_Jackets_Generic,AD-G103,Search_Text_WaterproofJacket,554.84,5403,242,1216.41
2026-02-09,CAMP-GGL-01,Search_Brand_Core,SET-G01,Exact_Match_Brand,AD-G101,Search_Text_ApexGear,450.66,2878,220,1135.52
2026-02-09,CAMP-GGL-02,Shopping_Performance_Max,SET-G02,PMax_All_Products,AD-G102,PMax_Asset_Group_1,485.83,2937,209,1137.66
2026-02-09,CAMP-GGL-03,Search_NonBrand_Outerwear,SET-G03,Hiking_Jackets_Generic,AD-G103,Search_Text_WaterproofJacket,282.75,1953,117,516.71
2026-02-10,CAMP-GGL-01,Search_Brand_Core,SET-G01,Exact_Match_Brand,AD-G101,Search_Text_ApexGear,288.71,2530,145,603.99
2026-02-10,CAMP-GGL-02,Shopping_Performance_Max,SET-G02,PMax_All_Products,AD-G102,PMax_Asset_Group_1,405.79,4566,216,893.94
2026-02-10,CAMP-GGL-03,Search_NonBrand_Outerwear,SET-G03,Hiking_Jackets_Generic,AD-G103,Search_Text_WaterproofJacket,393.49,2315,161,883.53
2026-02-11,CAMP-GGL-01,Search_Brand_Core,SET-G01,Exact_Match_Brand,AD-G101,Search_Text_ApexGear,333.9,2189,130,716.62
2026-02-11,CAMP-GGL-02,Shopping_Performance_Max,SET-G02,PMax_All_Products,AD-G102,PMax_Asset_Group_1,412.03,3490,226,957.23
2026-02-11,CAMP-GGL-03,Search_NonBrand_Outerwear,SET-G03,Hiking_Jackets_Generic,AD-G103,Search_Text_WaterproofJacket,327.46,2248,173,613.25
2026-02-12,CAMP-GGL-01,Search_Brand_Core,SET-G01,Exact_Match_Brand,AD-G101,Search_Text_ApexGear,422.32,3438,219,880.7
2026-02-12,CAMP-GGL-02,Shopping_Performance_Max,SET-G02,PMax_All_Products,AD-G102,PMax_Asset_Group_1,458.89,3280,248,912.87
2026-02-12,CAMP-GGL-03,Search_NonBrand_Outerwear,SET-G03,Hiking_Jackets_Generic,AD-G103,Search_Text_WaterproofJacket,252.29,1952,126,647.68
2026-02-13,CAMP-GGL-01,Search_Brand_Core,SET-G01,Exact_Match_Brand,AD-G101,Search_Text_ApexGear,315.42,3374,168,574.87
2026-02-13,CAMP-GGL-02,Shopping_Performance_Max,SET-G02,PMax_All_Products,AD-G102,PMax_Asset_Group_1,470.37,2762,212,1117.72
2026-02-13,CAMP-GGL-03,Search_NonBrand_Outerwear,SET-G03,Hiking_Jackets_Generic,AD-G103,Search_Text_WaterproofJacket,352.01,2305,176,779.24
2026-02-14,CAMP-GGL-01,Search_Brand_Core,SET-G01,Exact_Match_Brand,AD-G101,Search_Text_ApexGear,518.76,4421,278,1221.19
2026-02-14,CAMP-GGL-02,Shopping_Performance_Max,SET-G02,PMax_All_Products,AD-G102,PMax_Asset_Group_1,548.4,3790,285,1221.41
2026-02-14,CAMP-GGL-03,Search_NonBrand_Outerwear,SET-G03,Hiking_Jackets_Generic,AD-G103,Search_Text_WaterproofJacket,405.38,3462,177,752.53
2026-02-15,CAMP-GGL-01,Search_Brand_Core,SET-G01,Exact_Match_Brand,AD-G101,Search_Text_ApexGear,380.8,2361,138,771.55
2026-02-15,CAMP-GGL-02,Shopping_Performance_Max,SET-G02,PMax_All_Products,AD-G102,PMax_Asset_Group_1,480.5,3508,244,1051.89
2026-02-15,CAMP-GGL-03,Search_NonBrand_Outerwear,SET-G03,Hiking_Jackets_Generic,AD-G103,Search_Text_WaterproofJacket,536.72,4905,221,1253.37
2026-02-16,CAMP-GGL-01,Search_Brand_Core,SET-G01,Exact_Match_Brand,AD-G101,Search_Text_ApexGear,486.44,4961,251,1177.06
2026-02-16,CAMP-GGL-02,Shopping_Performance_Max,SET-G02,PMax_All_Products,AD-G102,PMax_Asset_Group_1,483.4,3916,191,1161.63
2026-02-16,CAMP-GGL-03,Search_NonBrand_Outerwear,SET-G03,Hiking_Jackets_Generic,AD-G103,Search_Text_WaterproofJacket,360.76,3374,149,871.59
2026-02-17,CAMP-GGL-01,Search_Brand_Core,SET-G01,Exact_Match_Brand,AD-G101,Search_Text_ApexGear,490.59,2496,182,989.17
2026-02-17,CAMP-GGL-02,Shopping_Performance_Max,SET-G02,PMax_All_Products,AD-G102,PMax_Asset_Group_1,379.58,2640,167,778.73
2026-02-17,CAMP-GGL-03,Search_NonBrand_Outerwear,SET-G03,Hiking_Jackets_Generic,AD-G103,Search_Text_WaterproofJacket,432.47,2868,195,996.14
2026-02-18,CAMP-GGL-01,Search_Brand_Core,SET-G01,Exact_Match_Brand,AD-G101,Search_Text_ApexGear,427.78,3943,230,1064.23
2026-02-18,CAMP-GGL-02,Shopping_Performance_Max,SET-G02,PMax_All_Products,AD-G102,PMax_Asset_Group_1,315.6,2040,154,690.03
2026-02-18,CAMP-GGL-03,Search_NonBrand_Outerwear,SET-G03,Hiking_Jackets_Generic,AD-G103,Search_Text_WaterproofJacket,344.59,2286,135,646.95
2026-02-19,CAMP-GGL-01,Search_Brand_Core,SET-G01,Exact_Match_Brand,AD-G101,Search_Text_ApexGear,497.92,3213,193,980.12
2026-02-19,CAMP-GGL-02,Shopping_Performance_Max,SET-G02,PMax_All_Products,AD-G102,PMax_Asset_Group_1,308.41,1961,139,747.61
2026-02-19,CAMP-GGL-03,Search_NonBrand_Outerwear,SET-G03,Hiking_Jackets_Generic,AD-G103,Search_Text_WaterproofJacket,307.03,2029,112,698.2
2026-02-20,CAMP-GGL-01,Search_Brand_Core,SET-G01,Exact_Match_Brand,AD-G101,Search_Text_ApexGear,375.48,2623,156,844.05
2026-02-20,CAMP-GGL-02,Shopping_Performance_Max,SET-G02,PMax_All_Products,AD-G102,PMax_Asset_Group_1,376.23,3080,190,921.83
2026-02-20,CAMP-GGL-03,Search_NonBrand_Outerwear,SET-G03,Hiking_Jackets_Generic,AD-G103,Search_Text_WaterproofJacket,282.77,1412,110,719.92
2026-02-21,CAMP-GGL-01,Search_Brand_Core,SET-G01,Exact_Match_Brand,AD-G101,Search_Text_ApexGear,393.59,4561,203,871.69
2026-02-21,CAMP-GGL-02,Shopping_Performance_Max,SET-G02,PMax_All_Products,AD-G102,PMax_Asset_Group_1,556.02,4976,280,1113.27
2026-02-21,CAMP-GGL-03,Search_NonBrand_Outerwear,SET-G03,Hiking_Jackets_Generic,AD-G103,Search_Text_WaterproofJacket,397.66,3267,153,860.96
2026-02-22,CAMP-GGL-01,Search_Brand_Core,SET-G01,Exact_Match_Brand,AD-G101,Search_Text_ApexGear,364.32,2435,157,698.75
2026-02-22,CAMP-GGL-02,Shopping_Performance_Max,SET-G02,PMax_All_Products,AD-G102,PMax_Asset_Group_1,450.15,2340,179,1147.96
2026-02-22,CAMP-GGL-03,Search_NonBrand_Outerwear,SET-G03,Hiking_Jackets_Generic,AD-G103,Search_Text_WaterproofJacket,559.5,5240,273,1065.99
2026-02-23,CAMP-GGL-01,Search_Brand_Core,SET-G01,Exact_Match_Brand,AD-G101,Search_Text_ApexGear,473.77,3828,170,1178.48
2026-02-23,CAMP-GGL-02,Shopping_Performance_Max,SET-G02,PMax_All_Products,AD-G102,PMax_Asset_Group_1,486.86,3778,218,879.97
2026-02-23,CAMP-GGL-03,Search_NonBrand_Outerwear,SET-G03,Hiking_Jackets_Generic,AD-G103,Search_Text_WaterproofJacket,261.52,1883,111,541.57
2026-02-24,CAMP-GGL-01,Search_Brand_Core,SET-G01,Exact_Match_Brand,AD-G101,Search_Text_ApexGear,403.29,2632,151,939.47
2026-02-24,CAMP-GGL-02,Shopping_Performance_Max,SET-G02,PMax_All_Products,AD-G102,PMax_Asset_Group_1,454.86,2741,168,862.33
2026-02-24,CAMP-GGL-03,Search_NonBrand_Outerwear,SET-G03,Hiking_Jackets_Generic,AD-G103,Search_Text_WaterproofJacket,321.13,2321,173,749.79
2026-02-25,CAMP-GGL-01,Search_Brand_Core,SET-G01,Exact_Match_Brand,AD-G101,Search_Text_ApexGear,290.73,1449,111,721.8
2026-02-25,CAMP-GGL-02,Shopping_Performance_Max,SET-G02,PMax_All_Products,AD-G102,PMax_Asset_Group_1,316.32,1868,116,650.52
2026-02-25,CAMP-GGL-03,Search_NonBrand_Outerwear,SET-G03,Hiking_Jackets_Generic,AD-G103,Search_Text_WaterproofJacket,262.63,2457,142,624.09
2026-02-26,CAMP-GGL-01,Search_Brand_Core,SET-G01,Exact_Match_Brand,AD-G101,Search_Text_ApexGear,314.07,3923,157,733.66
2026-02-26,CAMP-GGL-02,Shopping_Performance_Max,SET-G02,PMax_All_Products,AD-G102,PMax_Asset_Group_1,451.47,4328,240,881.81
2026-02-26,CAMP-GGL-03,Search_NonBrand_Outerwear,SET-G03,Hiking_Jackets_Generic,AD-G103,Search_Text_WaterproofJacket,371.21,2189,172,763.42
2026-02-27,CAMP-GGL-01,Search_Brand_Core,SET-G01,Exact_Match_Brand,AD-G101,Search_Text_ApexGear,410.39,2999,225,879.93
2026-02-27,CAMP-GGL-02,Shopping_Performance_Max,SET-G02,PMax_All_Products,AD-G102,PMax_Asset_Group_1,325.36,2661,171,783.05
2026-02-27,CAMP-GGL-03,Search_NonBrand_Outerwear,SET-G03,Hiking_Jackets_Generic,AD-G103,Search_Text_WaterproofJacket,392.58,3251,211,750.77
2026-02-28,CAMP-GGL-01,Search_Brand_Core,SET-G01,Exact_Match_Brand,AD-G101,Search_Text_ApexGear,347.25,2921,150,776.42
2026-02-28,CAMP-GGL-02,Shopping_Performance_Max,SET-G02,PMax_All_Products,AD-G102,PMax_Asset_Group_1,560.17,4893,211,1332.03
2026-02-28,CAMP-GGL-03,Search_NonBrand_Outerwear,SET-G03,Hiking_Jackets_Generic,AD-G103,Search_Text_WaterproofJacket,318.01,1743,138,613.3
2026-03-01,CAMP-GGL-01,Search_Brand_Core,SET-G01,Exact_Match_Brand,AD-G101,Search_Text_ApexGear,333.07,2211,145,696.55
2026-03-01,CAMP-GGL-02,Shopping_Performance_Max,SET-G02,PMax_All_Products,AD-G102,PMax_Asset_Group_1,324.6,1920,145,655.62
2026-03-01,CAMP-GGL-03,Search_NonBrand_Outerwear,SET-G03,Hiking_Jackets_Generic,AD-G103,Search_Text_WaterproofJacket,299.17,2119,110,737.87
2026-03-02,CAMP-GGL-01,Search_Brand_Core,SET-G01,Exact_Match_Brand,AD-G101,Search_Text_ApexGear,447.32,3995,244,1151.17
2026-03-02,CAMP-GGL-02,Shopping_Performance_Max,SET-G02,PMax_All_Products,AD-G102,PMax_Asset_Group_1,325.82,1885,150,603.78
2026-03-02,CAMP-GGL-03,Search_NonBrand_Outerwear,SET-G03,Hiking_Jackets_Generic,AD-G103,Search_Text_WaterproofJacket,259.82,1346,105,559.7
2026-03-03,CAMP-GGL-01,Search_Brand_Core,SET-G01,Exact_Match_Brand,AD-G101,Search_Text_ApexGear,311.5,1952,133,680.9
2026-03-03,CAMP-GGL-02,Shopping_Performance_Max,SET-G02,PMax_All_Products,AD-G102,PMax_Asset_Group_1,267.0,1912,133,526.43
2026-03-03,CAMP-GGL-03,Search_NonBrand_Outerwear,SET-G03,Hiking_Jackets_Generic,AD-G103,Search_Text_WaterproofJacket,297.28,1678,125,586.29
2026-03-04,CAMP-GGL-01,Search_Brand_Core,SET-G01,Exact_Match_Brand,AD-G101,Search_Text_ApexGear,485.55,4233,209,1010.84
2026-03-04,CAMP-GGL-02,Shopping_Performance_Max,SET-G02,PMax_All_Products,AD-G102,PMax_Asset_Group_1,262.45,2053,126,609.77
2026-03-04,CAMP-GGL-03,Search_NonBrand_Outerwear,SET-G03,Hiking_Jackets_Generic,AD-G103,Search_Text_WaterproofJacket,486.01,3709,221,1144.6
2026-03-05,CAMP-GGL-01,Search_Brand_Core,SET-G01,Exact_Match_Brand,AD-G101,Search_Text_ApexGear,378.14,3093,182,818.28
2026-03-05,CAMP-GGL-02,Shopping_Performance_Max,SET-G02,PMax_All_Products,AD-G102,PMax_Asset_Group_1,426.66,3718,155,880.39
2026-03-05,CAMP-GGL-03,Search_NonBrand_Outerwear,SET-G03,Hiking_Jackets_Generic,AD-G103,Search_Text_WaterproofJacket,374.07,2257,159,723.73
2026-03-06,CAMP-GGL-01,Search_Brand_Core,SET-G01,Exact_Match_Brand,AD-G101,Search_Text_ApexGear,496.23,2399,180,971.46
2026-03-06,CAMP-GGL-02,Shopping_Performance_Max,SET-G02,PMax_All_Products,AD-G102,PMax_Asset_Group_1,426.12,2554,189,951.31
2026-03-06,CAMP-GGL-03,Search_NonBrand_Outerwear,SET-G03,Hiking_Jackets_Generic,AD-G103,Search_Text_WaterproofJacket,370.03,2691,170,812.07
2026-03-07,CAMP-GGL-01,Search_Brand_Core,SET-G01,Exact_Match_Brand,AD-G101,Search_Text_ApexGear,341.86,1928,126,799.73
2026-03-07,CAMP-GGL-02,Shopping_Performance_Max,SET-G02,PMax_All_Products,AD-G102,PMax_Asset_Group_1,316.11,3036,131,599.59
2026-03-07,CAMP-GGL-03,Search_NonBrand_Outerwear,SET-G03,Hiking_Jackets_Generic,AD-G103,Search_Text_WaterproofJacket,439.1,4567,199,997.22
2026-03-08,CAMP-GGL-01,Search_Brand_Core,SET-G01,Exact_Match_Brand,AD-G101,Search_Text_ApexGear,411.41,3330,208,1065.42
2026-03-08,CAMP-GGL-02,Shopping_Performance_Max,SET-G02,PMax_All_Products,AD-G102,PMax_Asset_Group_1,485.14,2884,228,910.02
2026-03-08,CAMP-GGL-03,Search_NonBrand_Outerwear,SET-G03,Hiking_Jackets_Generic,AD-G103,Search_Text_WaterproofJacket,369.8,4049,166,857.9
2026-03-09,CAMP-GGL-01,Search_Brand_Core,SET-G01,Exact_Match_Brand,AD-G101,Search_Text_ApexGear,452.56,4544,193,915.34
2026-03-09,CAMP-GGL-02,Shopping_Performance_Max,SET-G02,PMax_All_Products,AD-G102,PMax_Asset_Group_1,290.62,2140,107,682.61
2026-03-09,CAMP-GGL-03,Search_NonBrand_Outerwear,SET-G03,Hiking_Jackets_Generic,AD-G103,Search_Text_WaterproofJacket,266.4,1886,106,601.51
2026-03-10,CAMP-GGL-01,Search_Brand_Core,SET-G01,Exact_Match_Brand,AD-G101,Search_Text_ApexGear,340.9,2143,169,796.24
2026-03-10,CAMP-GGL-02,Shopping_Performance_Max,SET-G02,PMax_All_Products,AD-G102,PMax_Asset_Group_1,293.93,2108,122,628.82
2026-03-10,CAMP-GGL-03,Search_NonBrand_Outerwear,SET-G03,Hiking_Jackets_Generic,AD-G103,Search_Text_WaterproofJacket,313.54,1927,119,686.09
2026-03-11,CAMP-GGL-01,Search_Brand_Core,SET-G01,Exact_Match_Brand,AD-G101,Search_Text_ApexGear,326.19,2391,164,609.56
2026-03-11,CAMP-GGL-02,Shopping_Performance_Max,SET-G02,PMax_All_Products,AD-G102,PMax_Asset_Group_1,299.06,2118,120,631.7
2026-03-11,CAMP-GGL-03,Search_NonBrand_Outerwear,SET-G03,Hiking_Jackets_Generic,AD-G103,Search_Text_WaterproofJacket,367.29,3226,169,690.69
2026-03-12,CAMP-GGL-01,Search_Brand_Core,SET-G01,Exact_Match_Brand,AD-G101,Search_Text_ApexGear,415.93,2876,168,843.91
2026-03-12,CAMP-GGL-02,Shopping_Performance_Max,SET-G02,PMax_All_Products,AD-G102,PMax_Asset_Group_1,298.36,1950,148,542.55
2026-03-12,CAMP-GGL-03,Search_NonBrand_Outerwear,SET-G03,Hiking_Jackets_Generic,AD-G103,Search_Text_WaterproofJacket,302.68,3304,149,612.53
2026-03-13,CAMP-GGL-01,Search_Brand_Core,SET-G01,Exact_Match_Brand,AD-G101,Search_Text_ApexGear,409.82,3313,218,781.68
2026-03-13,CAMP-GGL-02,Shopping_Performance_Max,SET-G02,PMax_All_Products,AD-G102,PMax_Asset_Group_1,334.92,2647,133,752.21
2026-03-13,CAMP-GGL-03,Search_NonBrand_Outerwear,SET-G03,Hiking_Jackets_Generic,AD-G103,Search_Text_WaterproofJacket,412.71,3740,215,919.98
2026-03-14,CAMP-GGL-01,Search_Brand_Core,SET-G01,Exact_Match_Brand,AD-G101,Search_Text_ApexGear,364.51,1888,151,910.21
2026-03-14,CAMP-GGL-02,Shopping_Performance_Max,SET-G02,PMax_All_Products,AD-G102,PMax_Asset_Group_1,462.23,4156,209,915.29
2026-03-14,CAMP-GGL-03,Search_NonBrand_Outerwear,SET-G03,Hiking_Jackets_Generic,AD-G103,Search_Text_WaterproofJacket,425.34,3581,196,1076.56
2026-03-15,CAMP-GGL-01,Search_Brand_Core,SET-G01,Exact_Match_Brand,AD-G101,Search_Text_ApexGear,394.87,2725,180,975.05
2026-03-15,CAMP-GGL-02,Shopping_Performance_Max,SET-G02,PMax_All_Products,AD-G102,PMax_Asset_Group_1,464.07,5224,217,1138.98
2026-03-15,CAMP-GGL-03,Search_NonBrand_Outerwear,SET-G03,Hiking_Jackets_Generic,AD-G103,Search_Text_WaterproofJacket,537.85,3873,232,1139.49
2026-03-16,CAMP-GGL-01,Search_Brand_Core,SET-G01,Exact_Match_Brand,AD-G101,Search_Text_ApexGear,416.85,3957,229,1040.98
2026-03-16,CAMP-GGL-02,Shopping_Performance_Max,SET-G02,PMax_All_Products,AD-G102,PMax_Asset_Group_1,335.74,2890,173,722.37
2026-03-16,CAMP-GGL-03,Search_NonBrand_Outerwear,SET-G03,Hiking_Jackets_Generic,AD-G103,Search_Text_WaterproofJacket,350.91,1797,141,749.8
2026-03-17,CAMP-GGL-01,Search_Brand_Core,SET-G01,Exact_Match_Brand,AD-G101,Search_Text_ApexGear,399.82,2737,153,754.65
2026-03-17,CAMP-GGL-02,Shopping_Performance_Max,SET-G02,PMax_All_Products,AD-G102,PMax_Asset_Group_1,334.21,3268,141,831.81
2026-03-17,CAMP-GGL-03,Search_NonBrand_Outerwear,SET-G03,Hiking_Jackets_Generic,AD-G103,Search_Text_WaterproofJacket,268.14,1513,101,528.31
2026-03-18,CAMP-GGL-01,Search_Brand_Core,SET-G01,Exact_Match_Brand,AD-G101,Search_Text_ApexGear,385.72,3230,146,732.9
2026-03-18,CAMP-GGL-02,Shopping_Performance_Max,SET-G02,PMax_All_Products,AD-G102,PMax_Asset_Group_1,389.2,2656,141,829.77
2026-03-18,CAMP-GGL-03,Search_NonBrand_Outerwear,SET-G03,Hiking_Jackets_Generic,AD-G103,Search_Text_WaterproofJacket,401.67,1841,147,991.94
2026-03-19,CAMP-GGL-01,Search_Brand_Core,SET-G01,Exact_Match_Brand,AD-G101,Search_Text_ApexGear,255.64,1826,133,584.8
2026-03-19,CAMP-GGL-02,Shopping_Performance_Max,SET-G02,PMax_All_Products,AD-G102,PMax_Asset_Group_1,321.31,3715,157,780.65
2026-03-19,CAMP-GGL-03,Search_NonBrand_Outerwear,SET-G03,Hiking_Jackets_Generic,AD-G103,Search_Text_WaterproofJacket,342.35,2140,148,769.7
2026-03-20,CAMP-GGL-01,Search_Brand_Core,SET-G01,Exact_Match_Brand,AD-G101,Search_Text_ApexGear,338.71,2261,140,768.3
2026-03-20,CAMP-GGL-02,Shopping_Performance_Max,SET-G02,PMax_All_Products,AD-G102,PMax_Asset_Group_1,410.12,4444,199,765.99
2026-03-20,CAMP-GGL-03,Search_NonBrand_Outerwear,SET-G03,Hiking_Jackets_Generic,AD-G103,Search_Text_WaterproofJacket,306.15,1954,133,756.91
2026-03-21,CAMP-GGL-01,Search_Brand_Core,SET-G01,Exact_Match_Brand,AD-G101,Search_Text_ApexGear,514.35,4287,239,1092.34
2026-03-21,CAMP-GGL-02,Shopping_Performance_Max,SET-G02,PMax_All_Products,AD-G102,PMax_Asset_Group_1,342.66,2312,184,778.77
2026-03-21,CAMP-GGL-03,Search_NonBrand_Outerwear,SET-G03,Hiking_Jackets_Generic,AD-G103,Search_Text_WaterproofJacket,335.46,3612,181,813.03
2026-03-22,CAMP-GGL-01,Search_Brand_Core,SET-G01,Exact_Match_Brand,AD-G101,Search_Text_ApexGear,526.02,3726,210,1344.79
2026-03-22,CAMP-GGL-02,Shopping_Performance_Max,SET-G02,PMax_All_Products,AD-G102,PMax_Asset_Group_1,477.82,3621,210,1101.12
2026-03-22,CAMP-GGL-03,Search_NonBrand_Outerwear,SET-G03,Hiking_Jackets_Generic,AD-G103,Search_Text_WaterproofJacket,341.73,2043,148,759.62
2026-03-23,CAMP-GGL-01,Search_Brand_Core,SET-G01,Exact_Match_Brand,AD-G101,Search_Text_ApexGear,433.88,2557,176,820.34
2026-03-23,CAMP-GGL-02,Shopping_Performance_Max,SET-G02,PMax_All_Products,AD-G102,PMax_Asset_Group_1,375.08,3293,139,951.16
2026-03-23,CAMP-GGL-03,Search_NonBrand_Outerwear,SET-G03,Hiking_Jackets_Generic,AD-G103,Search_Text_WaterproofJacket,455.16,4003,247,952.98
2026-03-24,CAMP-GGL-01,Search_Brand_Core,SET-G01,Exact_Match_Brand,AD-G101,Search_Text_ApexGear,287.03,2396,112,518.57
2026-03-24,CAMP-GGL-02,Shopping_Performance_Max,SET-G02,PMax_All_Products,AD-G102,PMax_Asset_Group_1,395.2,2301,157,1001.17
2026-03-24,CAMP-GGL-03,Search_NonBrand_Outerwear,SET-G03,Hiking_Jackets_Generic,AD-G103,Search_Text_WaterproofJacket,417.94,4240,190,752.72
2026-03-25,CAMP-GGL-01,Search_Brand_Core,SET-G01,Exact_Match_Brand,AD-G101,Search_Text_ApexGear,383.64,2224,154,818.67
2026-03-25,CAMP-GGL-02,Shopping_Performance_Max,SET-G02,PMax_All_Products,AD-G102,PMax_Asset_Group_1,380.47,2758,203,743.29
2026-03-25,CAMP-GGL-03,Search_NonBrand_Outerwear,SET-G03,Hiking_Jackets_Generic,AD-G103,Search_Text_WaterproofJacket,431.23,2009,160,816.77
2026-03-26,CAMP-GGL-01,Search_Brand_Core,SET-G01,Exact_Match_Brand,AD-G101,Search_Text_ApexGear,302.35,3239,166,785.49
2026-03-26,CAMP-GGL-02,Shopping_Performance_Max,SET-G02,PMax_All_Products,AD-G102,PMax_Asset_Group_1,417.0,2757,210,944.16
2026-03-26,CAMP-GGL-03,Search_NonBrand_Outerwear,SET-G03,Hiking_Jackets_Generic,AD-G103,Search_Text_WaterproofJacket,330.05,2046,133,643.7
2026-03-27,CAMP-GGL-01,Search_Brand_Core,SET-G01,Exact_Match_Brand,AD-G101,Search_Text_ApexGear,334.11,3520,166,685.11
2026-03-27,CAMP-GGL-02,Shopping_Performance_Max,SET-G02,PMax_All_Products,AD-G102,PMax_Asset_Group_1,475.48,3728,216,949.16
2026-03-27,CAMP-GGL-03,Search_NonBrand_Outerwear,SET-G03,Hiking_Jackets_Generic,AD-G103,Search_Text_WaterproofJacket,330.13,2242,129,850.74
2026-03-28,CAMP-GGL-01,Search_Brand_Core,SET-G01,Exact_Match_Brand,AD-G101,Search_Text_ApexGear,535.05,3341,226,1030.39
2026-03-28,CAMP-GGL-02,Shopping_Performance_Max,SET-G02,PMax_All_Products,AD-G102,PMax_Asset_Group_1,435.11,3071,177,1092.89
2026-03-28,CAMP-GGL-03,Search_NonBrand_Outerwear,SET-G03,Hiking_Jackets_Generic,AD-G103,Search_Text_WaterproofJacket,546.59,3337,214,1197.52
2026-03-29,CAMP-GGL-01,Search_Brand_Core,SET-G01,Exact_Match_Brand,AD-G101,Search_Text_ApexGear,381.1,3257,136,889.44
2026-03-29,CAMP-GGL-02,Shopping_Performance_Max,SET-G02,PMax_All_Products,AD-G102,PMax_Asset_Group_1,381.4,3833,157,703.71
2026-03-29,CAMP-GGL-03,Search_NonBrand_Outerwear,SET-G03,Hiking_Jackets_Generic,AD-G103,Search_Text_WaterproofJacket,416.88,3860,195,896.56
2026-03-30,CAMP-GGL-01,Search_Brand_Core,SET-G01,Exact_Match_Brand,AD-G101,Search_Text_ApexGear,291.18,2416,116,643.99
2026-03-30,CAMP-GGL-02,Shopping_Performance_Max,SET-G02,PMax_All_Products,AD-G102,PMax_Asset_Group_1,329.9,2984,137,612.88
2026-03-30,CAMP-GGL-03,Search_NonBrand_Outerwear,SET-G03,Hiking_Jackets_Generic,AD-G103,Search_Text_WaterproofJacket,268.31,1454,102,644.46
2026-03-31,CAMP-GGL-01,Search_Brand_Core,SET-G01,Exact_Match_Brand,AD-G101,Search_Text_ApexGear,429.08,2633,173,936.08
2026-03-31,CAMP-GGL-02,Shopping_Performance_Max,SET-G02,PMax_All_Products,AD-G102,PMax_Asset_Group_1,259.59,1782,107,628.81
2026-03-31,CAMP-GGL-03,Search_NonBrand_Outerwear,SET-G03,Hiking_Jackets_Generic,AD-G103,Search_Text_WaterproofJacket,339.38,2407,163,785.41
2026-04-01,CAMP-GGL-01,Search_Brand_Core,SET-G01,Exact_Match_Brand,AD-G101,Search_Text_ApexGear,467.74,3490,218,1129.97
2026-04-01,CAMP-GGL-02,Shopping_Performance_Max,SET-G02,PMax_All_Products,AD-G102,PMax_Asset_Group_1,470.71,3200,202,1042.2
2026-04-01,CAMP-GGL-03,Search_NonBrand_Outerwear,SET-G03,Hiking_Jackets_Generic,AD-G103,Search_Text_WaterproofJacket,437.33,3749,158,812.93
2026-04-02,CAMP-GGL-01,Search_Brand_Core,SET-G01,Exact_Match_Brand,AD-G101,Search_Text_ApexGear,484.39,3490,207,1110.18
2026-04-02,CAMP-GGL-02,Shopping_Performance_Max,SET-G02,PMax_All_Products,AD-G102,PMax_Asset_Group_1,273.41,2020,106,655.58
2026-04-02,CAMP-GGL-03,Search_NonBrand_Outerwear,SET-G03,Hiking_Jackets_Generic,AD-G103,Search_Text_WaterproofJacket,326.56,1634,123,606.71
2026-04-03,CAMP-GGL-01,Search_Brand_Core,SET-G01,Exact_Match_Brand,AD-G101,Search_Text_ApexGear,314.17,1951,131,800.76
2026-04-03,CAMP-GGL-02,Shopping_Performance_Max,SET-G02,PMax_All_Products,AD-G102,PMax_Asset_Group_1,353.61,2779,142,733.81
2026-04-03,CAMP-GGL-03,Search_NonBrand_Outerwear,SET-G03,Hiking_Jackets_Generic,AD-G103,Search_Text_WaterproofJacket,499.17,3597,195,1155.97
2026-04-04,CAMP-GGL-01,Search_Brand_Core,SET-G01,Exact_Match_Brand,AD-G101,Search_Text_ApexGear,301.63,2326,164,676.66
2026-04-04,CAMP-GGL-02,Shopping_Performance_Max,SET-G02,PMax_All_Products,AD-G102,PMax_Asset_Group_1,442.0,3054,167,807.42
2026-04-04,CAMP-GGL-03,Search_NonBrand_Outerwear,SET-G03,Hiking_Jackets_Generic,AD-G103,Search_Text_WaterproofJacket,355.66,2021,158,660.78
2026-04-05,CAMP-GGL-01,Search_Brand_Core,SET-G01,Exact_Match_Brand,AD-G101,Search_Text_ApexGear,351.69,1624,129,752.87
2026-04-05,CAMP-GGL-02,Shopping_Performance_Max,SET-G02,PMax_All_Products,AD-G102,PMax_Asset_Group_1,446.79,2330,163,806.13
2026-04-05,CAMP-GGL-03,Search_NonBrand_Outerwear,SET-G03,Hiking_Jackets_Generic,AD-G103,Search_Text_WaterproofJacket,547.13,4948,282,1026.91
2026-04-06,CAMP-GGL-01,Search_Brand_Core,SET-G01,Exact_Match_Brand,AD-G101,Search_Text_ApexGear,483.42,4513,206,1074.14
2026-04-06,CAMP-GGL-02,Shopping_Performance_Max,SET-G02,PMax_All_Products,AD-G102,PMax_Asset_Group_1,250.2,1453,95,467.89
2026-04-06,CAMP-GGL-03,Search_NonBrand_Outerwear,SET-G03,Hiking_Jackets_Generic,AD-G103,Search_Text_WaterproofJacket,478.65,5515,238,1116.32
2026-04-07,CAMP-GGL-01,Search_Brand_Core,SET-G01,Exact_Match_Brand,AD-G101,Search_Text_ApexGear,400.94,3919,204,957.75
2026-04-07,CAMP-GGL-02,Shopping_Performance_Max,SET-G02,PMax_All_Products,AD-G102,PMax_Asset_Group_1,365.85,2181,152,708.66
2026-04-07,CAMP-GGL-03,Search_NonBrand_Outerwear,SET-G03,Hiking_Jackets_Generic,AD-G103,Search_Text_WaterproofJacket,325.66,1954,132,627.43
2026-04-08,CAMP-GGL-01,Search_Brand_Core,SET-G01,Exact_Match_Brand,AD-G101,Search_Text_ApexGear,282.05,1801,126,563.47
2026-04-08,CAMP-GGL-02,Shopping_Performance_Max,SET-G02,PMax_All_Products,AD-G102,PMax_Asset_Group_1,315.51,2444,117,793.02
2026-04-08,CAMP-GGL-03,Search_NonBrand_Outerwear,SET-G03,Hiking_Jackets_Generic,AD-G103,Search_Text_WaterproofJacket,403.46,3107,213,852.6
2026-04-09,CAMP-GGL-01,Search_Brand_Core,SET-G01,Exact_Match_Brand,AD-G101,Search_Text_ApexGear,414.86,3102,171,840.52
2026-04-09,CAMP-GGL-02,Shopping_Performance_Max,SET-G02,PMax_All_Products,AD-G102,PMax_Asset_Group_1,275.74,1594,109,607.49
2026-04-09,CAMP-GGL-03,Search_NonBrand_Outerwear,SET-G03,Hiking_Jackets_Generic,AD-G103,Search_Text_WaterproofJacket,312.24,3558,146,645.52
2026-04-10,CAMP-GGL-01,Search_Brand_Core,SET-G01,Exact_Match_Brand,AD-G101,Search_Text_ApexGear,335.26,2107,128,844.13
2026-04-10,CAMP-GGL-02,Shopping_Performance_Max,SET-G02,PMax_All_Products,AD-G102,PMax_Asset_Group_1,363.88,4886,198,910.92
2026-04-10,CAMP-GGL-03,Search_NonBrand_Outerwear,SET-G03,Hiking_Jackets_Generic,AD-G103,Search_Text_WaterproofJacket,486.19,2754,212,1008.14
2026-04-11,CAMP-GGL-01,Search_Brand_Core,SET-G01,Exact_Match_Brand,AD-G101,Search_Text_ApexGear,294.51,2521,123,659.45
2026-04-11,CAMP-GGL-02,Shopping_Performance_Max,SET-G02,PMax_All_Products,AD-G102,PMax_Asset_Group_1,410.81,4172,167,978.43
2026-04-11,CAMP-GGL-03,Search_NonBrand_Outerwear,SET-G03,Hiking_Jackets_Generic,AD-G103,Search_Text_WaterproofJacket,556.85,5599,283,1106.39
2026-04-12,CAMP-GGL-01,Search_Brand_Core,SET-G01,Exact_Match_Brand,AD-G101,Search_Text_ApexGear,298.37,2946,155,772.5
2026-04-12,CAMP-GGL-02,Shopping_Performance_Max,SET-G02,PMax_All_Products,AD-G102,PMax_Asset_Group_1,320.65,2264,168,761.73
2026-04-12,CAMP-GGL-03,Search_NonBrand_Outerwear,SET-G03,Hiking_Jackets_Generic,AD-G103,Search_Text_WaterproofJacket,361.37,4685,198,714.96
2026-04-13,CAMP-GGL-01,Search_Brand_Core,SET-G01,Exact_Match_Brand,AD-G101,Search_Text_ApexGear,275.85,2028,123,547.27
2026-04-13,CAMP-GGL-02,Shopping_Performance_Max,SET-G02,PMax_All_Products,AD-G102,PMax_Asset_Group_1,313.37,1818,114,791.18
2026-04-13,CAMP-GGL-03,Search_NonBrand_Outerwear,SET-G03,Hiking_Jackets_Generic,AD-G103,Search_Text_WaterproofJacket,338.61,2243,155,721.06
2026-04-14,CAMP-GGL-01,Search_Brand_Core,SET-G01,Exact_Match_Brand,AD-G101,Search_Text_ApexGear,362.91,2545,136,927.34
2026-04-14,CAMP-GGL-02,Shopping_Performance_Max,SET-G02,PMax_All_Products,AD-G102,PMax_Asset_Group_1,390.17,3625,205,764.88
2026-04-14,CAMP-GGL-03,Search_NonBrand_Outerwear,SET-G03,Hiking_Jackets_Generic,AD-G103,Search_Text_WaterproofJacket,301.55,1923,112,580.97
2026-04-15,CAMP-GGL-01,Search_Brand_Core,SET-G01,Exact_Match_Brand,AD-G101,Search_Text_ApexGear,401.42,2153,161,845.57
2026-04-15,CAMP-GGL-02,Shopping_Performance_Max,SET-G02,PMax_All_Products,AD-G102,PMax_Asset_Group_1,392.08,2986,175,726.83
2026-04-15,CAMP-GGL-03,Search_NonBrand_Outerwear,SET-G03,Hiking_Jackets_Generic,AD-G103,Search_Text_WaterproofJacket,455.18,3145,188,1122.35
2026-04-16,CAMP-GGL-01,Search_Brand_Core,SET-G01,Exact_Match_Brand,AD-G101,Search_Text_ApexGear,279.62,2267,154,571.14
2026-04-16,CAMP-GGL-02,Shopping_Performance_Max,SET-G02,PMax_All_Products,AD-G102,PMax_Asset_Group_1,447.56,3747,213,983.08
2026-04-16,CAMP-GGL-03,Search_NonBrand_Outerwear,SET-G03,Hiking_Jackets_Generic,AD-G103,Search_Text_WaterproofJacket,352.63,3614,173,673.2
2026-04-17,CAMP-GGL-01,Search_Brand_Core,SET-G01,Exact_Match_Brand,AD-G101,Search_Text_ApexGear,263.83,2027,132,476.84
2026-04-17,CAMP-GGL-02,Shopping_Performance_Max,SET-G02,PMax_All_Products,AD-G102,PMax_Asset_Group_1,329.09,2191,118,643.36
2026-04-17,CAMP-GGL-03,Search_NonBrand_Outerwear,SET-G03,Hiking_Jackets_Generic,AD-G103,Search_Text_WaterproofJacket,339.46,4530,187,838.93
2026-04-18,CAMP-GGL-01,Search_Brand_Core,SET-G01,Exact_Match_Brand,AD-G101,Search_Text_ApexGear,557.8,3352,207,1243.01
2026-04-18,CAMP-GGL-02,Shopping_Performance_Max,SET-G02,PMax_All_Products,AD-G102,PMax_Asset_Group_1,475.46,5192,217,1102.01
2026-04-18,CAMP-GGL-03,Search_NonBrand_Outerwear,SET-G03,Hiking_Jackets_Generic,AD-G103,Search_Text_WaterproofJacket,303.04,1774,134,678.72
2026-04-19,CAMP-GGL-01,Search_Brand_Core,SET-G01,Exact_Match_Brand,AD-G101,Search_Text_ApexGear,317.59,2169,121,625.03
2026-04-19,CAMP-GGL-02,Shopping_Performance_Max,SET-G02,PMax_All_Products,AD-G102,PMax_Asset_Group_1,378.52,2859,172,726.91
2026-04-19,CAMP-GGL-03,Search_NonBrand_Outerwear,SET-G03,Hiking_Jackets_Generic,AD-G103,Search_Text_WaterproofJacket,517.97,3123,231,1135.64
2026-04-20,CAMP-GGL-01,Search_Brand_Core,SET-G01,Exact_Match_Brand,AD-G101,Search_Text_ApexGear,426.51,2466,186,855.65
2026-04-20,CAMP-GGL-02,Shopping_Performance_Max,SET-G02,PMax_All_Products,AD-G102,PMax_Asset_Group_1,394.26,2703,195,794.55
2026-04-20,CAMP-GGL-03,Search_NonBrand_Outerwear,SET-G03,Hiking_Jackets_Generic,AD-G103,Search_Text_WaterproofJacket,261.04,1294,93,497.09
2026-04-21,CAMP-GGL-01,Search_Brand_Core,SET-G01,Exact_Match_Brand,AD-G101,Search_Text_ApexGear,348.69,2689,152,873.3
2026-04-21,CAMP-GGL-02,Shopping_Performance_Max,SET-G02,PMax_All_Products,AD-G102,PMax_Asset_Group_1,384.37,4157,207,692.59
2026-04-21,CAMP-GGL-03,Search_NonBrand_Outerwear,SET-G03,Hiking_Jackets_Generic,AD-G103,Search_Text_WaterproofJacket,420.15,3862,218,794.51
2026-04-22,CAMP-GGL-01,Search_Brand_Core,SET-G01,Exact_Match_Brand,AD-G101,Search_Text_ApexGear,411.96,3774,163,800.34
2026-04-22,CAMP-GGL-02,Shopping_Performance_Max,SET-G02,PMax_All_Products,AD-G102,PMax_Asset_Group_1,485.1,3152,235,1204.35
2026-04-22,CAMP-GGL-03,Search_NonBrand_Outerwear,SET-G03,Hiking_Jackets_Generic,AD-G103,Search_Text_WaterproofJacket,443.13,3179,225,1088.97
2026-04-23,CAMP-GGL-01,Search_Brand_Core,SET-G01,Exact_Match_Brand,AD-G101,Search_Text_ApexGear,399.18,4144,186,802.35
2026-04-23,CAMP-GGL-02,Shopping_Performance_Max,SET-G02,PMax_All_Products,AD-G102,PMax_Asset_Group_1,377.44,2677,158,787.9
2026-04-23,CAMP-GGL-03,Search_NonBrand_Outerwear,SET-G03,Hiking_Jackets_Generic,AD-G103,Search_Text_WaterproofJacket,340.88,2985,139,859.36
2026-04-24,CAMP-GGL-01,Search_Brand_Core,SET-G01,Exact_Match_Brand,AD-G101,Search_Text_ApexGear,345.35,2559,177,794.29
2026-04-24,CAMP-GGL-02,Shopping_Performance_Max,SET-G02,PMax_All_Products,AD-G102,PMax_Asset_Group_1,482.98,5454,232,1236.51
2026-04-24,CAMP-GGL-03,Search_NonBrand_Outerwear,SET-G03,Hiking_Jackets_Generic,AD-G103,Search_Text_WaterproofJacket,400.75,3513,215,1007.89
2026-04-25,CAMP-GGL-01,Search_Brand_Core,SET-G01,Exact_Match_Brand,AD-G101,Search_Text_ApexGear,479.94,4380,182,921.6
2026-04-25,CAMP-GGL-02,Shopping_Performance_Max,SET-G02,PMax_All_Products,AD-G102,PMax_Asset_Group_1,540.18,4341,255,1028.06
2026-04-25,CAMP-GGL-03,Search_NonBrand_Outerwear,SET-G03,Hiking_Jackets_Generic,AD-G103,Search_Text_WaterproofJacket,459.51,6051,250,928.17
2026-04-26,CAMP-GGL-01,Search_Brand_Core,SET-G01,Exact_Match_Brand,AD-G101,Search_Text_ApexGear,408.35,2305,151,1056.04
2026-04-26,CAMP-GGL-02,Shopping_Performance_Max,SET-G02,PMax_All_Products,AD-G102,PMax_Asset_Group_1,333.97,2665,123,739.08
2026-04-26,CAMP-GGL-03,Search_NonBrand_Outerwear,SET-G03,Hiking_Jackets_Generic,AD-G103,Search_Text_WaterproofJacket,552.5,3159,216,1317.91
2026-04-27,CAMP-GGL-01,Search_Brand_Core,SET-G01,Exact_Match_Brand,AD-G101,Search_Text_ApexGear,300.08,3053,149,705.38
2026-04-27,CAMP-GGL-02,Shopping_Performance_Max,SET-G02,PMax_All_Products,AD-G102,PMax_Asset_Group_1,359.67,2391,139,872.98
2026-04-27,CAMP-GGL-03,Search_NonBrand_Outerwear,SET-G03,Hiking_Jackets_Generic,AD-G103,Search_Text_WaterproofJacket,448.05,3439,169,1041.19
2026-04-28,CAMP-GGL-01,Search_Brand_Core,SET-G01,Exact_Match_Brand,AD-G101,Search_Text_ApexGear,318.5,2945,150,603.06
2026-04-28,CAMP-GGL-02,Shopping_Performance_Max,SET-G02,PMax_All_Products,AD-G102,PMax_Asset_Group_1,302.38,3033,134,764.04
2026-04-28,CAMP-GGL-03,Search_NonBrand_Outerwear,SET-G03,Hiking_Jackets_Generic,AD-G103,Search_Text_WaterproofJacket,430.07,2236,172,807.07
2026-04-29,CAMP-GGL-01,Search_Brand_Core,SET-G01,Exact_Match_Brand,AD-G101,Search_Text_ApexGear,392.12,3598,181,943.14
2026-04-29,CAMP-GGL-02,Shopping_Performance_Max,SET-G02,PMax_All_Products,AD-G102,PMax_Asset_Group_1,423.38,3970,230,1046.39
2026-04-29,CAMP-GGL-03,Search_NonBrand_Outerwear,SET-G03,Hiking_Jackets_Generic,AD-G103,Search_Text_WaterproofJacket,409.17,2849,202,958.14
2026-04-30,CAMP-GGL-01,Search_Brand_Core,SET-G01,Exact_Match_Brand,AD-G101,Search_Text_ApexGear,368.3,2006,152,797.39
2026-04-30,CAMP-GGL-02,Shopping_Performance_Max,SET-G02,PMax_All_Products,AD-G102,PMax_Asset_Group_1,374.47,2499,141,914.11
2026-04-30,CAMP-GGL-03,Search_NonBrand_Outerwear,SET-G03,Hiking_Jackets_Generic,AD-G103,Search_Text_WaterproofJacket,307.52,2830,139,756.8
2026-05-01,CAMP-GGL-01,Search_Brand_Core,SET-G01,Exact_Match_Brand,AD-G101,Search_Text_ApexGear,381.11,2222,146,793.77
2026-05-01,CAMP-GGL-02,Shopping_Performance_Max,SET-G02,PMax_All_Products,AD-G102,PMax_Asset_Group_1,311.41,3708,163,758.44
2026-05-01,CAMP-GGL-03,Search_NonBrand_Outerwear,SET-G03,Hiking_Jackets_Generic,AD-G103,Search_Text_WaterproofJacket,317.85,1507,119,660.23
2026-05-02,CAMP-GGL-01,Search_Brand_Core,SET-G01,Exact_Match_Brand,AD-G101,Search_Text_ApexGear,569.17,4032,275,1043.16
2026-05-02,CAMP-GGL-02,Shopping_Performance_Max,SET-G02,PMax_All_Products,AD-G102,PMax_Asset_Group_1,417.16,5309,219,987.01
2026-05-02,CAMP-GGL-03,Search_NonBrand_Outerwear,SET-G03,Hiking_Jackets_Generic,AD-G103,Search_Text_WaterproofJacket,537.68,5890,277,1022.59
2026-05-03,CAMP-GGL-01,Search_Brand_Core,SET-G01,Exact_Match_Brand,AD-G101,Search_Text_ApexGear,563.58,4042,226,1375.75
2026-05-03,CAMP-GGL-02,Shopping_Performance_Max,SET-G02,PMax_All_Products,AD-G102,PMax_Asset_Group_1,384.19,3028,188,839.27
2026-05-03,CAMP-GGL-03,Search_NonBrand_Outerwear,SET-G03,Hiking_Jackets_Generic,AD-G103,Search_Text_WaterproofJacket,469.14,4872,228,1200.49
2026-05-04,CAMP-GGL-01,Search_Brand_Core,SET-G01,Exact_Match_Brand,AD-G101,Search_Text_ApexGear,491.41,5062,270,1073.68
2026-05-04,CAMP-GGL-02,Shopping_Performance_Max,SET-G02,PMax_All_Products,AD-G102,PMax_Asset_Group_1,362.28,2685,152,778.35
2026-05-04,CAMP-GGL-03,Search_NonBrand_Outerwear,SET-G03,Hiking_Jackets_Generic,AD-G103,Search_Text_WaterproofJacket,433.18,3480,174,1068.49
2026-05-05,CAMP-GGL-01,Search_Brand_Core,SET-G01,Exact_Match_Brand,AD-G101,Search_Text_ApexGear,402.38,2826,168,843.3
2026-05-05,CAMP-GGL-02,Shopping_Performance_Max,SET-G02,PMax_All_Products,AD-G102,PMax_Asset_Group_1,328.45,3821,169,647.39
2026-05-05,CAMP-GGL-03,Search_NonBrand_Outerwear,SET-G03,Hiking_Jackets_Generic,AD-G103,Search_Text_WaterproofJacket,420.77,2457,170,1077.38
2026-05-06,CAMP-GGL-01,Search_Brand_Core,SET-G01,Exact_Match_Brand,AD-G101,Search_Text_ApexGear,263.01,1680,97,654.93
2026-05-06,CAMP-GGL-02,Shopping_Performance_Max,SET-G02,PMax_All_Products,AD-G102,PMax_Asset_Group_1,396.47,1863,142,882.48
2026-05-06,CAMP-GGL-03,Search_NonBrand_Outerwear,SET-G03,Hiking_Jackets_Generic,AD-G103,Search_Text_WaterproofJacket,270.76,2129,135,582.84
2026-05-07,CAMP-GGL-01,Search_Brand_Core,SET-G01,Exact_Match_Brand,AD-G101,Search_Text_ApexGear,454.06,3866,162,958.56
2026-05-07,CAMP-GGL-02,Shopping_Performance_Max,SET-G02,PMax_All_Products,AD-G102,PMax_Asset_Group_1,450.29,3127,187,882.04
2026-05-07,CAMP-GGL-03,Search_NonBrand_Outerwear,SET-G03,Hiking_Jackets_Generic,AD-G103,Search_Text_WaterproofJacket,435.58,3237,169,958.14
2026-05-08,CAMP-GGL-01,Search_Brand_Core,SET-G01,Exact_Match_Brand,AD-G101,Search_Text_ApexGear,493.44,3904,200,1049.34
2026-05-08,CAMP-GGL-02,Shopping_Performance_Max,SET-G02,PMax_All_Products,AD-G102,PMax_Asset_Group_1,432.78,3448,211,838.45
2026-05-08,CAMP-GGL-03,Search_NonBrand_Outerwear,SET-G03,Hiking_Jackets_Generic,AD-G103,Search_Text_WaterproofJacket,322.5,1994,132,610.93
2026-05-09,CAMP-GGL-01,Search_Brand_Core,SET-G01,Exact_Match_Brand,AD-G101,Search_Text_ApexGear,368.95,2637,204,701.58
2026-05-09,CAMP-GGL-02,Shopping_Performance_Max,SET-G02,PMax_All_Products,AD-G102,PMax_Asset_Group_1,536.86,4087,263,1300.65
2026-05-09,CAMP-GGL-03,Search_NonBrand_Outerwear,SET-G03,Hiking_Jackets_Generic,AD-G103,Search_Text_WaterproofJacket,566.64,6111,260,1328.87
2026-05-10,CAMP-GGL-01,Search_Brand_Core,SET-G01,Exact_Match_Brand,AD-G101,Search_Text_ApexGear,401.42,2814,145,895.64
2026-05-10,CAMP-GGL-02,Shopping_Performance_Max,SET-G02,PMax_All_Products,AD-G102,PMax_Asset_Group_1,322.08,2329,128,745.9
2026-05-10,CAMP-GGL-03,Search_NonBrand_Outerwear,SET-G03,Hiking_Jackets_Generic,AD-G103,Search_Text_WaterproofJacket,560.9,3995,307,1145.91
2026-05-11,CAMP-GGL-01,Search_Brand_Core,SET-G01,Exact_Match_Brand,AD-G101,Search_Text_ApexGear,330.23,2193,160,735.55
2026-05-11,CAMP-GGL-02,Shopping_Performance_Max,SET-G02,PMax_All_Products,AD-G102,PMax_Asset_Group_1,275.79,2116,100,671.84
2026-05-11,CAMP-GGL-03,Search_NonBrand_Outerwear,SET-G03,Hiking_Jackets_Generic,AD-G103,Search_Text_WaterproofJacket,428.0,2733,195,908.15
2026-05-12,CAMP-GGL-01,Search_Brand_Core,SET-G01,Exact_Match_Brand,AD-G101,Search_Text_ApexGear,490.7,4287,254,1048.38
2026-05-12,CAMP-GGL-02,Shopping_Performance_Max,SET-G02,PMax_All_Products,AD-G102,PMax_Asset_Group_1,344.08,2358,159,633.73
2026-05-12,CAMP-GGL-03,Search_NonBrand_Outerwear,SET-G03,Hiking_Jackets_Generic,AD-G103,Search_Text_WaterproofJacket,359.05,2482,179,880.69
2026-05-13,CAMP-GGL-01,Search_Brand_Core,SET-G01,Exact_Match_Brand,AD-G101,Search_Text_ApexGear,371.6,3435,177,858.57
2026-05-13,CAMP-GGL-02,Shopping_Performance_Max,SET-G02,PMax_All_Products,AD-G102,PMax_Asset_Group_1,309.0,2785,122,566.17
2026-05-13,CAMP-GGL-03,Search_NonBrand_Outerwear,SET-G03,Hiking_Jackets_Generic,AD-G103,Search_Text_WaterproofJacket,251.7,1603,128,466.95
2026-05-14,CAMP-GGL-01,Search_Brand_Core,SET-G01,Exact_Match_Brand,AD-G101,Search_Text_ApexGear,322.2,2130,165,642.08
2026-05-14,CAMP-GGL-02,Shopping_Performance_Max,SET-G02,PMax_All_Products,AD-G102,PMax_Asset_Group_1,380.04,3136,175,949.61
2026-05-14,CAMP-GGL-03,Search_NonBrand_Outerwear,SET-G03,Hiking_Jackets_Generic,AD-G103,Search_Text_WaterproofJacket,333.75,3151,166,701.62
2026-05-15,CAMP-GGL-01,Search_Brand_Core,SET-G01,Exact_Match_Brand,AD-G101,Search_Text_ApexGear,419.33,4690,200,948.42
2026-05-15,CAMP-GGL-02,Shopping_Performance_Max,SET-G02,PMax_All_Products,AD-G102,PMax_Asset_Group_1,297.82,2432,134,759.31
2026-05-15,CAMP-GGL-03,Search_NonBrand_Outerwear,SET-G03,Hiking_Jackets_Generic,AD-G103,Search_Text_WaterproofJacket,416.02,4770,202,791.11
2026-05-16,CAMP-GGL-01,Search_Brand_Core,SET-G01,Exact_Match_Brand,AD-G101,Search_Text_ApexGear,375.31,2711,191,727.8
2026-05-16,CAMP-GGL-02,Shopping_Performance_Max,SET-G02,PMax_All_Products,AD-G102,PMax_Asset_Group_1,292.05,2041,123,614.35
2026-05-16,CAMP-GGL-03,Search_NonBrand_Outerwear,SET-G03,Hiking_Jackets_Generic,AD-G103,Search_Text_WaterproofJacket,449.31,3057,212,914.83
2026-05-17,CAMP-GGL-01,Search_Brand_Core,SET-G01,Exact_Match_Brand,AD-G101,Search_Text_ApexGear,537.99,3543,269,1010.4
2026-05-17,CAMP-GGL-02,Shopping_Performance_Max,SET-G02,PMax_All_Products,AD-G102,PMax_Asset_Group_1,388.09,3664,165,810.19
2026-05-17,CAMP-GGL-03,Search_NonBrand_Outerwear,SET-G03,Hiking_Jackets_Generic,AD-G103,Search_Text_WaterproofJacket,456.93,3374,196,896.68
2026-05-18,CAMP-GGL-01,Search_Brand_Core,SET-G01,Exact_Match_Brand,AD-G101,Search_Text_ApexGear,449.24,3019,187,843.46
2026-05-18,CAMP-GGL-02,Shopping_Performance_Max,SET-G02,PMax_All_Products,AD-G102,PMax_Asset_Group_1,425.68,3556,164,980.47
2026-05-18,CAMP-GGL-03,Search_NonBrand_Outerwear,SET-G03,Hiking_Jackets_Generic,AD-G103,Search_Text_WaterproofJacket,427.54,3045,172,777.93
2026-05-19,CAMP-GGL-01,Search_Brand_Core,SET-G01,Exact_Match_Brand,AD-G101,Search_Text_ApexGear,333.24,2105,134,657.45
2026-05-19,CAMP-GGL-02,Shopping_Performance_Max,SET-G02,PMax_All_Products,AD-G102,PMax_Asset_Group_1,478.3,2324,184,1213.53
2026-05-19,CAMP-GGL-03,Search_NonBrand_Outerwear,SET-G03,Hiking_Jackets_Generic,AD-G103,Search_Text_WaterproofJacket,252.67,1397,104,538.26
2026-05-20,CAMP-GGL-01,Search_Brand_Core,SET-G01,Exact_Match_Brand,AD-G101,Search_Text_ApexGear,312.95,1561,112,716.96
2026-05-20,CAMP-GGL-02,Shopping_Performance_Max,SET-G02,PMax_All_Products,AD-G102,PMax_Asset_Group_1,271.4,3326,136,653.18
2026-05-20,CAMP-GGL-03,Search_NonBrand_Outerwear,SET-G03,Hiking_Jackets_Generic,AD-G103,Search_Text_WaterproofJacket,454.22,4578,250,1056.38
2026-05-21,CAMP-GGL-01,Search_Brand_Core,SET-G01,Exact_Match_Brand,AD-G101,Search_Text_ApexGear,402.87,3632,161,835.54
2026-05-21,CAMP-GGL-02,Shopping_Performance_Max,SET-G02,PMax_All_Products,AD-G102,PMax_Asset_Group_1,267.41,1592,111,592.72
2026-05-21,CAMP-GGL-03,Search_NonBrand_Outerwear,SET-G03,Hiking_Jackets_Generic,AD-G103,Search_Text_WaterproofJacket,377.43,4116,169,799.57
2026-05-22,CAMP-GGL-01,Search_Brand_Core,SET-G01,Exact_Match_Brand,AD-G101,Search_Text_ApexGear,333.89,2256,120,834.34
2026-05-22,CAMP-GGL-02,Shopping_Performance_Max,SET-G02,PMax_All_Products,AD-G102,PMax_Asset_Group_1,396.95,3659,149,854.64
2026-05-22,CAMP-GGL-03,Search_NonBrand_Outerwear,SET-G03,Hiking_Jackets_Generic,AD-G103,Search_Text_WaterproofJacket,268.63,1712,116,691.87
2026-05-23,CAMP-GGL-01,Search_Brand_Core,SET-G01,Exact_Match_Brand,AD-G101,Search_Text_ApexGear,307.89,2090,154,744.19
2026-05-23,CAMP-GGL-02,Shopping_Performance_Max,SET-G02,PMax_All_Products,AD-G102,PMax_Asset_Group_1,465.09,2597,190,847.71
2026-05-23,CAMP-GGL-03,Search_NonBrand_Outerwear,SET-G03,Hiking_Jackets_Generic,AD-G103,Search_Text_WaterproofJacket,514.13,5124,249,1216.92
2026-05-24,CAMP-GGL-01,Search_Brand_Core,SET-G01,Exact_Match_Brand,AD-G101,Search_Text_ApexGear,299.09,2784,149,581.1
2026-05-24,CAMP-GGL-02,Shopping_Performance_Max,SET-G02,PMax_All_Products,AD-G102,PMax_Asset_Group_1,407.8,3462,176,889.58
2026-05-24,CAMP-GGL-03,Search_NonBrand_Outerwear,SET-G03,Hiking_Jackets_Generic,AD-G103,Search_Text_WaterproofJacket,295.89,2367,123,626.28
2026-05-25,CAMP-GGL-01,Search_Brand_Core,SET-G01,Exact_Match_Brand,AD-G101,Search_Text_ApexGear,466.74,3060,183,1160.41
2026-05-25,CAMP-GGL-02,Shopping_Performance_Max,SET-G02,PMax_All_Products,AD-G102,PMax_Asset_Group_1,282.73,1960,113,555.52
2026-05-25,CAMP-GGL-03,Search_NonBrand_Outerwear,SET-G03,Hiking_Jackets_Generic,AD-G103,Search_Text_WaterproofJacket,266.25,1326,101,506.08
2026-05-26,CAMP-GGL-01,Search_Brand_Core,SET-G01,Exact_Match_Brand,AD-G101,Search_Text_ApexGear,466.06,3164,205,1116.44
2026-05-26,CAMP-GGL-02,Shopping_Performance_Max,SET-G02,PMax_All_Products,AD-G102,PMax_Asset_Group_1,450.77,3435,201,1094.76
2026-05-26,CAMP-GGL-03,Search_NonBrand_Outerwear,SET-G03,Hiking_Jackets_Generic,AD-G103,Search_Text_WaterproofJacket,485.24,2969,212,1053.02
2026-05-27,CAMP-GGL-01,Search_Brand_Core,SET-G01,Exact_Match_Brand,AD-G101,Search_Text_ApexGear,455.39,3287,193,885.2
2026-05-27,CAMP-GGL-02,Shopping_Performance_Max,SET-G02,PMax_All_Products,AD-G102,PMax_Asset_Group_1,492.02,4647,192,1204.92
2026-05-27,CAMP-GGL-03,Search_NonBrand_Outerwear,SET-G03,Hiking_Jackets_Generic,AD-G103,Search_Text_WaterproofJacket,366.96,3550,149,904.2
2026-05-28,CAMP-GGL-01,Search_Brand_Core,SET-G01,Exact_Match_Brand,AD-G101,Search_Text_ApexGear,463.11,3738,197,906.7
2026-05-28,CAMP-GGL-02,Shopping_Performance_Max,SET-G02,PMax_All_Products,AD-G102,PMax_Asset_Group_1,320.48,2956,137,590.12
2026-05-28,CAMP-GGL-03,Search_NonBrand_Outerwear,SET-G03,Hiking_Jackets_Generic,AD-G103,Search_Text_WaterproofJacket,453.17,4025,234,900.32
2026-05-29,CAMP-GGL-01,Search_Brand_Core,SET-G01,Exact_Match_Brand,AD-G101,Search_Text_ApexGear,379.28,2053,147,818.44
2026-05-29,CAMP-GGL-02,Shopping_Performance_Max,SET-G02,PMax_All_Products,AD-G102,PMax_Asset_Group_1,404.59,3670,211,778.86
2026-05-29,CAMP-GGL-03,Search_NonBrand_Outerwear,SET-G03,Hiking_Jackets_Generic,AD-G103,Search_Text_WaterproofJacket,349.22,2467,137,790.84
2026-05-30,CAMP-GGL-01,Search_Brand_Core,SET-G01,Exact_Match_Brand,AD-G101,Search_Text_ApexGear,336.59,2915,166,760.83
2026-05-30,CAMP-GGL-02,Shopping_Performance_Max,SET-G02,PMax_All_Products,AD-G102,PMax_Asset_Group_1,435.54,2982,221,1014.95
2026-05-30,CAMP-GGL-03,Search_NonBrand_Outerwear,SET-G03,Hiking_Jackets_Generic,AD-G103,Search_Text_WaterproofJacket,361.66,2943,157,933.24
2026-05-31,CAMP-GGL-01,Search_Brand_Core,SET-G01,Exact_Match_Brand,AD-G101,Search_Text_ApexGear,458.58,5552,242,1047.77
2026-05-31,CAMP-GGL-02,Shopping_Performance_Max,SET-G02,PMax_All_Products,AD-G102,PMax_Asset_Group_1,563.28,3271,223,1369.07
2026-05-31,CAMP-GGL-03,Search_NonBrand_Outerwear,SET-G03,Hiking_Jackets_Generic,AD-G103,Search_Text_WaterproofJacket,457.05,2593,203,1136.55
2026-06-01,CAMP-GGL-01,Search_Brand_Core,SET-G01,Exact_Match_Brand,AD-G101,Search_Text_ApexGear,374.76,2226,137,849.46
2026-06-01,CAMP-GGL-02,Shopping_Performance_Max,SET-G02,PMax_All_Products,AD-G102,PMax_Asset_Group_1,363.62,3624,180,655.6
2026-06-01,CAMP-GGL-03,Search_NonBrand_Outerwear,SET-G03,Hiking_Jackets_Generic,AD-G103,Search_Text_WaterproofJacket,377.43,2183,173,814.79
2026-06-02,CAMP-GGL-01,Search_Brand_Core,SET-G01,Exact_Match_Brand,AD-G101,Search_Text_ApexGear,337.57,3554,149,643.68
2026-06-02,CAMP-GGL-02,Shopping_Performance_Max,SET-G02,PMax_All_Products,AD-G102,PMax_Asset_Group_1,443.85,4065,187,1069.04
2026-06-02,CAMP-GGL-03,Search_NonBrand_Outerwear,SET-G03,Hiking_Jackets_Generic,AD-G103,Search_Text_WaterproofJacket,392.96,4720,191,779.02
2026-06-03,CAMP-GGL-01,Search_Brand_Core,SET-G01,Exact_Match_Brand,AD-G101,Search_Text_ApexGear,282.59,1674,133,535.09
2026-06-03,CAMP-GGL-02,Shopping_Performance_Max,SET-G02,PMax_All_Products,AD-G102,PMax_Asset_Group_1,327.16,2661,169,640.99
2026-06-03,CAMP-GGL-03,Search_NonBrand_Outerwear,SET-G03,Hiking_Jackets_Generic,AD-G103,Search_Text_WaterproofJacket,266.01,1985,99,683.43
2026-06-04,CAMP-GGL-01,Search_Brand_Core,SET-G01,Exact_Match_Brand,AD-G101,Search_Text_ApexGear,362.52,3500,198,838.35
2026-06-04,CAMP-GGL-02,Shopping_Performance_Max,SET-G02,PMax_All_Products,AD-G102,PMax_Asset_Group_1,317.51,2789,158,737.65
2026-06-04,CAMP-GGL-03,Search_NonBrand_Outerwear,SET-G03,Hiking_Jackets_Generic,AD-G103,Search_Text_WaterproofJacket,294.91,1587,118,664.15
2026-06-05,CAMP-GGL-01,Search_Brand_Core,SET-G01,Exact_Match_Brand,AD-G101,Search_Text_ApexGear,279.37,2421,108,653.39
2026-06-05,CAMP-GGL-02,Shopping_Performance_Max,SET-G02,PMax_All_Products,AD-G102,PMax_Asset_Group_1,423.71,4138,189,1083.0
2026-06-05,CAMP-GGL-03,Search_NonBrand_Outerwear,SET-G03,Hiking_Jackets_Generic,AD-G103,Search_Text_WaterproofJacket,410.71,3533,188,1053.66
2026-06-06,CAMP-GGL-01,Search_Brand_Core,SET-G01,Exact_Match_Brand,AD-G101,Search_Text_ApexGear,564.13,2883,208,1137.46
2026-06-06,CAMP-GGL-02,Shopping_Performance_Max,SET-G02,PMax_All_Products,AD-G102,PMax_Asset_Group_1,573.74,4588,279,1233.21
2026-06-06,CAMP-GGL-03,Search_NonBrand_Outerwear,SET-G03,Hiking_Jackets_Generic,AD-G103,Search_Text_WaterproofJacket,372.29,3997,205,735.68
2026-06-07,CAMP-GGL-01,Search_Brand_Core,SET-G01,Exact_Match_Brand,AD-G101,Search_Text_ApexGear,415.03,3079,210,1037.0
2026-06-07,CAMP-GGL-02,Shopping_Performance_Max,SET-G02,PMax_All_Products,AD-G102,PMax_Asset_Group_1,312.0,1623,127,724.75
2026-06-07,CAMP-GGL-03,Search_NonBrand_Outerwear,SET-G03,Hiking_Jackets_Generic,AD-G103,Search_Text_WaterproofJacket,288.37,1811,140,733.1
2026-06-08,CAMP-GGL-01,Search_Brand_Core,SET-G01,Exact_Match_Brand,AD-G101,Search_Text_ApexGear,430.15,2757,167,805.75
2026-06-08,CAMP-GGL-02,Shopping_Performance_Max,SET-G02,PMax_All_Products,AD-G102,PMax_Asset_Group_1,307.9,3413,155,753.81
2026-06-08,CAMP-GGL-03,Search_NonBrand_Outerwear,SET-G03,Hiking_Jackets_Generic,AD-G103,Search_Text_WaterproofJacket,367.16,1693,134,715.47
2026-06-09,CAMP-GGL-01,Search_Brand_Core,SET-G01,Exact_Match_Brand,AD-G101,Search_Text_ApexGear,498.57,4008,211,965.29
2026-06-09,CAMP-GGL-02,Shopping_Performance_Max,SET-G02,PMax_All_Products,AD-G102,PMax_Asset_Group_1,356.12,2129,168,720.97
2026-06-09,CAMP-GGL-03,Search_NonBrand_Outerwear,SET-G03,Hiking_Jackets_Generic,AD-G103,Search_Text_WaterproofJacket,288.34,1769,113,519.11
2026-06-10,CAMP-GGL-01,Search_Brand_Core,SET-G01,Exact_Match_Brand,AD-G101,Search_Text_ApexGear,478.99,3466,229,933.27
2026-06-10,CAMP-GGL-02,Shopping_Performance_Max,SET-G02,PMax_All_Products,AD-G102,PMax_Asset_Group_1,428.15,3433,172,880.04
2026-06-10,CAMP-GGL-03,Search_NonBrand_Outerwear,SET-G03,Hiking_Jackets_Generic,AD-G103,Search_Text_WaterproofJacket,488.98,2423,179,1059.06
2026-06-11,CAMP-GGL-01,Search_Brand_Core,SET-G01,Exact_Match_Brand,AD-G101,Search_Text_ApexGear,363.08,2856,163,699.08
2026-06-11,CAMP-GGL-02,Shopping_Performance_Max,SET-G02,PMax_All_Products,AD-G102,PMax_Asset_Group_1,384.35,2947,210,828.39
2026-06-11,CAMP-GGL-03,Search_NonBrand_Outerwear,SET-G03,Hiking_Jackets_Generic,AD-G103,Search_Text_WaterproofJacket,420.01,4223,172,1061.64
2026-06-12,CAMP-GGL-01,Search_Brand_Core,SET-G01,Exact_Match_Brand,AD-G101,Search_Text_ApexGear,389.26,2832,150,869.24
2026-06-12,CAMP-GGL-02,Shopping_Performance_Max,SET-G02,PMax_All_Products,AD-G102,PMax_Asset_Group_1,284.06,1397,105,618.29
2026-06-12,CAMP-GGL-03,Search_NonBrand_Outerwear,SET-G03,Hiking_Jackets_Generic,AD-G103,Search_Text_WaterproofJacket,396.46,2410,160,968.71
2026-06-13,CAMP-GGL-01,Search_Brand_Core,SET-G01,Exact_Match_Brand,AD-G101,Search_Text_ApexGear,401.94,3148,173,981.71
2026-06-13,CAMP-GGL-02,Shopping_Performance_Max,SET-G02,PMax_All_Products,AD-G102,PMax_Asset_Group_1,399.08,4811,210,1010.34
2026-06-13,CAMP-GGL-03,Search_NonBrand_Outerwear,SET-G03,Hiking_Jackets_Generic,AD-G103,Search_Text_WaterproofJacket,473.86,3185,214,1006.71
2026-06-14,CAMP-GGL-01,Search_Brand_Core,SET-G01,Exact_Match_Brand,AD-G101,Search_Text_ApexGear,306.79,1750,128,741.7
2026-06-14,CAMP-GGL-02,Shopping_Performance_Max,SET-G02,PMax_All_Products,AD-G102,PMax_Asset_Group_1,336.53,1647,124,782.4
2026-06-14,CAMP-GGL-03,Search_NonBrand_Outerwear,SET-G03,Hiking_Jackets_Generic,AD-G103,Search_Text_WaterproofJacket,427.02,2394,182,1082.59
2026-06-15,CAMP-GGL-01,Search_Brand_Core,SET-G01,Exact_Match_Brand,AD-G101,Search_Text_ApexGear,362.04,3134,174,765.55
2026-06-15,CAMP-GGL-02,Shopping_Performance_Max,SET-G02,PMax_All_Products,AD-G102,PMax_Asset_Group_1,321.72,3621,155,800.71
2026-06-15,CAMP-GGL-03,Search_NonBrand_Outerwear,SET-G03,Hiking_Jackets_Generic,AD-G103,Search_Text_WaterproofJacket,419.4,4992,212,870.51
2026-06-16,CAMP-GGL-01,Search_Brand_Core,SET-G01,Exact_Match_Brand,AD-G101,Search_Text_ApexGear,317.49,2517,123,796.27
2026-06-16,CAMP-GGL-02,Shopping_Performance_Max,SET-G02,PMax_All_Products,AD-G102,PMax_Asset_Group_1,365.89,2283,161,914.31
2026-06-16,CAMP-GGL-03,Search_NonBrand_Outerwear,SET-G03,Hiking_Jackets_Generic,AD-G103,Search_Text_WaterproofJacket,378.27,3788,153,937.31
2026-06-17,CAMP-GGL-01,Search_Brand_Core,SET-G01,Exact_Match_Brand,AD-G101,Search_Text_ApexGear,350.72,2090,129,839.01
2026-06-17,CAMP-GGL-02,Shopping_Performance_Max,SET-G02,PMax_All_Products,AD-G102,PMax_Asset_Group_1,382.41,2688,178,847.58
2026-06-17,CAMP-GGL-03,Search_NonBrand_Outerwear,SET-G03,Hiking_Jackets_Generic,AD-G103,Search_Text_WaterproofJacket,354.59,3052,141,882.57
2026-06-18,CAMP-GGL-01,Search_Brand_Core,SET-G01,Exact_Match_Brand,AD-G101,Search_Text_ApexGear,362.89,3280,164,852.78
2026-06-18,CAMP-GGL-02,Shopping_Performance_Max,SET-G02,PMax_All_Products,AD-G102,PMax_Asset_Group_1,410.06,2001,153,875.28
2026-06-18,CAMP-GGL-03,Search_NonBrand_Outerwear,SET-G03,Hiking_Jackets_Generic,AD-G103,Search_Text_WaterproofJacket,498.29,3345,261,989.82
2026-06-19,CAMP-GGL-01,Search_Brand_Core,SET-G01,Exact_Match_Brand,AD-G101,Search_Text_ApexGear,489.58,5533,257,887.12
2026-06-19,CAMP-GGL-02,Shopping_Performance_Max,SET-G02,PMax_All_Products,AD-G102,PMax_Asset_Group_1,499.0,3408,252,1098.82
2026-06-19,CAMP-GGL-03,Search_NonBrand_Outerwear,SET-G03,Hiking_Jackets_Generic,AD-G103,Search_Text_WaterproofJacket,255.1,1422,106,515.72
2026-06-20,CAMP-GGL-01,Search_Brand_Core,SET-G01,Exact_Match_Brand,AD-G101,Search_Text_ApexGear,369.0,3029,148,863.23
2026-06-20,CAMP-GGL-02,Shopping_Performance_Max,SET-G02,PMax_All_Products,AD-G102,PMax_Asset_Group_1,297.5,1851,134,604.33
2026-06-20,CAMP-GGL-03,Search_NonBrand_Outerwear,SET-G03,Hiking_Jackets_Generic,AD-G103,Search_Text_WaterproofJacket,517.6,3568,229,1182.82
2026-06-21,CAMP-GGL-01,Search_Brand_Core,SET-G01,Exact_Match_Brand,AD-G101,Search_Text_ApexGear,525.31,4663,236,1061.31
2026-06-21,CAMP-GGL-02,Shopping_Performance_Max,SET-G02,PMax_All_Products,AD-G102,PMax_Asset_Group_1,441.66,4490,196,950.49
2026-06-21,CAMP-GGL-03,Search_NonBrand_Outerwear,SET-G03,Hiking_Jackets_Generic,AD-G103,Search_Text_WaterproofJacket,494.1,4335,245,967.23
2026-06-22,CAMP-GGL-01,Search_Brand_Core,SET-G01,Exact_Match_Brand,AD-G101,Search_Text_ApexGear,306.94,2208,128,643.71
2026-06-22,CAMP-GGL-02,Shopping_Performance_Max,SET-G02,PMax_All_Products,AD-G102,PMax_Asset_Group_1,384.29,2539,191,739.61
2026-06-22,CAMP-GGL-03,Search_NonBrand_Outerwear,SET-G03,Hiking_Jackets_Generic,AD-G103,Search_Text_WaterproofJacket,358.43,2703,162,655.39
2026-06-23,CAMP-GGL-01,Search_Brand_Core,SET-G01,Exact_Match_Brand,AD-G101,Search_Text_ApexGear,388.54,3482,164,919.14
2026-06-23,CAMP-GGL-02,Shopping_Performance_Max,SET-G02,PMax_All_Products,AD-G102,PMax_Asset_Group_1,313.06,2618,119,800.72
2026-06-23,CAMP-GGL-03,Search_NonBrand_Outerwear,SET-G03,Hiking_Jackets_Generic,AD-G103,Search_Text_WaterproofJacket,374.41,3489,185,691.93
2026-06-24,CAMP-GGL-01,Search_Brand_Core,SET-G01,Exact_Match_Brand,AD-G101,Search_Text_ApexGear,285.92,2469,113,636.74
2026-06-24,CAMP-GGL-02,Shopping_Performance_Max,SET-G02,PMax_All_Products,AD-G102,PMax_Asset_Group_1,252.31,1494,96,489.72
2026-06-24,CAMP-GGL-03,Search_NonBrand_Outerwear,SET-G03,Hiking_Jackets_Generic,AD-G103,Search_Text_WaterproofJacket,334.23,3220,140,686.01
2026-06-25,CAMP-GGL-01,Search_Brand_Core,SET-G01,Exact_Match_Brand,AD-G101,Search_Text_ApexGear,305.74,2306,153,655.02
2026-06-25,CAMP-GGL-02,Shopping_Performance_Max,SET-G02,PMax_All_Products,AD-G102,PMax_Asset_Group_1,315.95,2708,174,699.88
2026-06-25,CAMP-GGL-03,Search_NonBrand_Outerwear,SET-G03,Hiking_Jackets_Generic,AD-G103,Search_Text_WaterproofJacket,490.72,3257,205,1068.27
2026-06-26,CAMP-GGL-01,Search_Brand_Core,SET-G01,Exact_Match_Brand,AD-G101,Search_Text_ApexGear,481.98,3697,183,992.1
2026-06-26,CAMP-GGL-02,Shopping_Performance_Max,SET-G02,PMax_All_Products,AD-G102,PMax_Asset_Group_1,315.66,2261,136,756.08
2026-06-26,CAMP-GGL-03,Search_NonBrand_Outerwear,SET-G03,Hiking_Jackets_Generic,AD-G103,Search_Text_WaterproofJacket,266.95,2035,105,652.63
2026-06-27,CAMP-GGL-01,Search_Brand_Core,SET-G01,Exact_Match_Brand,AD-G101,Search_Text_ApexGear,478.44,2899,214,1201.5
2026-06-27,CAMP-GGL-02,Shopping_Performance_Max,SET-G02,PMax_All_Products,AD-G102,PMax_Asset_Group_1,438.56,2941,176,1099.33
2026-06-27,CAMP-GGL-03,Search_NonBrand_Outerwear,SET-G03,Hiking_Jackets_Generic,AD-G103,Search_Text_WaterproofJacket,377.56,2646,147,746.08
2026-06-28,CAMP-GGL-01,Search_Brand_Core,SET-G01,Exact_Match_Brand,AD-G101,Search_Text_ApexGear,536.4,4363,212,1138.8
2026-06-28,CAMP-GGL-02,Shopping_Performance_Max,SET-G02,PMax_All_Products,AD-G102,PMax_Asset_Group_1,389.84,2681,187,756.63
2026-06-28,CAMP-GGL-03,Search_NonBrand_Outerwear,SET-G03,Hiking_Jackets_Generic,AD-G103,Search_Text_WaterproofJacket,359.97,2005,159,759.06
2026-06-29,CAMP-GGL-01,Search_Brand_Core,SET-G01,Exact_Match_Brand,AD-G101,Search_Text_ApexGear,347.77,2891,184,650.98
2026-06-29,CAMP-GGL-02,Shopping_Performance_Max,SET-G02,PMax_All_Products,AD-G102,PMax_Asset_Group_1,399.84,4269,180,857.85
2026-06-29,CAMP-GGL-03,Search_NonBrand_Outerwear,SET-G03,Hiking_Jackets_Generic,AD-G103,Search_Text_WaterproofJacket,379.14,3714,164,727.81
2026-06-30,CAMP-GGL-01,Search_Brand_Core,SET-G01,Exact_Match_Brand,AD-G101,Search_Text_ApexGear,280.89,3071,147,642.61
2026-06-30,CAMP-GGL-02,Shopping_Performance_Max,SET-G02,PMax_All_Products,AD-G102,PMax_Asset_Group_1,312.86,2129,158,802.88
2026-06-30,CAMP-GGL-03,Search_NonBrand_Outerwear,SET-G03,Hiking_Jackets_Generic,AD-G103,Search_Text_WaterproofJacket,307.62,2413,144,605.37
