Day,Campaign ID,Campaign Name,Ad Set ID,Ad Set Name,Ad ID,Ad Name,Amount Spent (USD),Impressions,Link Clicks,Purchases Conversion Value
07/01/2025,CAMP-META-01,US_Prospecting_Broad,SET-M01,Lookalike_1%,AD-M101,Video_AlpineShell_15s,$157.45,8395,287,689.36
07/01/2025,CAMP-META-02,US_Retargeting_MOFU,SET-M02,Cart_Abandoners,AD-M102,Static_Discount_10Off,$135.60,9174,227,640.85
07/01/2025,CAMP-META-03,EU_Brand_Awareness,SET-M03,EU_Outdoor_Interest,AD-M103,Carousel_Gear_Collection,$180.11,10268,249,875.49
07/02/2025,CAMP-META-01,US_Prospecting_Broad,SET-M01,Lookalike_1%,AD-M101,Video_AlpineShell_15s,$203.24,13493,358,780.12
07/02/2025,CAMP-META-02,US_Retargeting_MOFU,SET-M02,Cart_Abandoners,AD-M102,Static_Discount_10Off,$150.42,9048,271,598.46
07/02/2025,CAMP-META-03,EU_Brand_Awareness,SET-M03,EU_Outdoor_Interest,AD-M103,Carousel_Gear_Collection,$181.19,12327,346,738.58
07/03/2025,CAMP-META-01,US_Prospecting_Broad,SET-M01,Lookalike_1%,AD-M101,Video_AlpineShell_15s,$165.61,9238,247,706.91
07/03/2025,CAMP-META-02,US_Retargeting_MOFU,SET-M02,Cart_Abandoners,AD-M102,Static_Discount_10Off,$179.24,12593,409,685.0
07/03/2025,CAMP-META-03,EU_Brand_Awareness,SET-M03,EU_Outdoor_Interest,AD-M103,Carousel_Gear_Collection,$126.51,6749,253,588.39
07/04/2025,CAMP-META-01,US_Prospecting_Broad,SET-M01,Lookalike_1%,AD-M101,Video_AlpineShell_15s,$150.46,10384,348,627.75
07/04/2025,CAMP-META-02,US_Retargeting_MOFU,SET-M02,Cart_Abandoners,AD-M102,Static_Discount_10Off,$132.20,8023,196,632.2
07/04/2025,CAMP-META-03,EU_Brand_Awareness,SET-M03,EU_Outdoor_Interest,AD-M103,Carousel_Gear_Collection,$145.88,8426,238,623.8
07/05/2025,CAMP-META-01,US_Prospecting_Broad,SET-M01,Lookalike_1%,AD-M101,Video_AlpineShell_15s,$218.34,14629,549,1006.04
07/05/2025,CAMP-META-02,US_Retargeting_MOFU,SET-M02,Cart_Abandoners,AD-M102,Static_Discount_10Off,$267.44,14476,468,1283.29
07/05/2025,CAMP-META-03,EU_Brand_Awareness,SET-M03,EU_Outdoor_Interest,AD-M103,Carousel_Gear_Collection,$161.06,10751,264,647.93
07/06/2025,CAMP-META-01,US_Prospecting_Broad,SET-M01,Lookalike_1%,AD-M101,Video_AlpineShell_15s,$198.58,12931,460,806.99
07/06/2025,CAMP-META-02,US_Retargeting_MOFU,SET-M02,Cart_Abandoners,AD-M102,Static_Discount_10Off,$185.12,11076,287,859.49
07/06/2025,CAMP-META-03,EU_Brand_Awareness,SET-M03,EU_Outdoor_Interest,AD-M103,Carousel_Gear_Collection,$159.32,8414,292,614.71
07/07/2025,CAMP-META-01,US_Prospecting_Broad,SET-M01,Lookalike_1%,AD-M101,Video_AlpineShell_15s,$120.55,6668,226,548.23
07/07/2025,CAMP-META-02,US_Retargeting_MOFU,SET-M02,Cart_Abandoners,AD-M102,Static_Discount_10Off,$197.13,13717,398,739.36
07/07/2025,CAMP-META-03,EU_Brand_Awareness,SET-M03,EU_Outdoor_Interest,AD-M103,Carousel_Gear_Collection,$206.31,12053,345,759.76
07/08/2025,CAMP-META-01,US_Prospecting_Broad,SET-M01,Lookalike_1%,AD-M101,Video_AlpineShell_15s,$151.10,9669,330,669.2
07/08/2025,CAMP-META-02,US_Retargeting_MOFU,SET-M02,Cart_Abandoners,AD-M102,Static_Discount_10Off,$208.72,12757,327,944.92
07/08/2025,CAMP-META-03,EU_Brand_Awareness,SET-M03,EU_Outdoor_Interest,AD-M103,Carousel_Gear_Collection,$196.08,11666,405,831.76
07/09/2025,CAMP-META-01,US_Prospecting_Broad,SET-M01,Lookalike_1%,AD-M101,Video_AlpineShell_15s,$172.27,10674,259,644.33
07/09/2025,CAMP-META-02,US_Retargeting_MOFU,SET-M02,Cart_Abandoners,AD-M102,Static_Discount_10Off,$123.14,7166,203,524.72
07/09/2025,CAMP-META-03,EU_Brand_Awareness,SET-M03,EU_Outdoor_Interest,AD-M103,Carousel_Gear_Collection,$210.76,13823,411,965.75
07/10/2025,CAMP-META-01,US_Prospecting_Broad,SET-M01,Lookalike_1%,AD-M101,Video_AlpineShell_15s,$142.88,9932,278,544.31
07/10/2025,CAMP-META-02,US_Retargeting_MOFU,SET-M02,Cart_Abandoners,AD-M102,Static_Discount_10Off,$212.97,11805,388,1007.97
07/10/2025,CAMP-META-03,EU_Brand_Awareness,SET-M03,EU_Outdoor_Interest,AD-M103,Carousel_Gear_Collection,$200.37,13418,489,861.82
07/11/2025,CAMP-META-01,US_Prospecting_Broad,SET-M01,Lookalike_1%,AD-M101,Video_AlpineShell_15s,$200.74,10862,309,751.38
07/11/2025,CAMP-META-02,US_Retargeting_MOFU,SET-M02,Cart_Abandoners,AD-M102,Static_Discount_10Off,$142.79,8849,313,673.82
07/11/2025,CAMP-META-03,EU_Brand_Awareness,SET-M03,EU_Outdoor_Interest,AD-M103,Carousel_Gear_Collection,$120.70,7291,217,469.37
07/12/2025,CAMP-META-01,US_Prospecting_Broad,SET-M01,Lookalike_1%,AD-M101,Video_AlpineShell_15s,$164.98,10516,391,663.25
07/12/2025,CAMP-META-02,US_Retargeting_MOFU,SET-M02,Cart_Abandoners,AD-M102,Static_Discount_10Off,$214.85,12266,356,1044.88
07/12/2025,CAMP-META-03,EU_Brand_Awareness,SET-M03,EU_Outdoor_Interest,AD-M103,Carousel_Gear_Collection,$270.31,17714,548,1078.85
07/13/2025,CAMP-META-01,US_Prospecting_Broad,SET-M01,Lookalike_1%,AD-M101,Video_AlpineShell_15s,$185.61,13085,425,789.49
07/13/2025,CAMP-META-02,US_Retargeting_MOFU,SET-M02,Cart_Abandoners,AD-M102,Static_Discount_10Off,$156.43,10162,373,611.87
07/13/2025,CAMP-META-03,EU_Brand_Awareness,SET-M03,EU_Outdoor_Interest,AD-M103,Carousel_Gear_Collection,$168.11,10221,386,658.1
07/14/2025,CAMP-META-01,US_Prospecting_Broad,SET-M01,Lookalike_1%,AD-M101,Video_AlpineShell_15s,$187.21,10512,287,851.18
07/14/2025,CAMP-META-02,US_Retargeting_MOFU,SET-M02,Cart_Abandoners,AD-M102,Static_Discount_10Off,$156.78,9135,300,673.61
07/14/2025,CAMP-META-03,EU_Brand_Awareness,SET-M03,EU_Outdoor_Interest,AD-M103,Carousel_Gear_Collection,$129.03,7098,202,495.79
07/15/2025,CAMP-META-01,US_Prospecting_Broad,SET-M01,Lookalike_1%,AD-M101,Video_AlpineShell_15s,$124.08,7318,245,449.36
07/15/2025,CAMP-META-02,US_Retargeting_MOFU,SET-M02,Cart_Abandoners,AD-M102,Static_Discount_10Off,$171.21,11314,373,655.17
07/15/2025,CAMP-META-03,EU_Brand_Awareness,SET-M03,EU_Outdoor_Interest,AD-M103,Carousel_Gear_Collection,$189.09,11867,440,714.53
07/16/2025,CAMP-META-01,US_Prospecting_Broad,SET-M01,Lookalike_1%,AD-M101,Video_AlpineShell_15s,$154.11,10579,390,730.56
07/16/2025,CAMP-META-02,US_Retargeting_MOFU,SET-M02,Cart_Abandoners,AD-M102,Static_Discount_10Off,$145.79,8427,298,630.07
07/16/2025,CAMP-META-03,EU_Brand_Awareness,SET-M03,EU_Outdoor_Interest,AD-M103,Carousel_Gear_Collection,$172.97,11372,287,824.44
07/17/2025,CAMP-META-01,US_Prospecting_Broad,SET-M01,Lookalike_1%,AD-M101,Video_AlpineShell_15s,$210.04,12236,351,851.5
07/17/2025,CAMP-META-02,US_Retargeting_MOFU,SET-M02,Cart_Abandoners,AD-M102,Static_Discount_10Off,$192.60,10418,379,888.63
07/17/2025,CAMP-META-03,EU_Brand_Awareness,SET-M03,EU_Outdoor_Interest,AD-M103,Carousel_Gear_Collection,$184.20,12773,335,878.29
07/18/2025,CAMP-META-01,US_Prospecting_Broad,SET-M01,Lookalike_1%,AD-M101,Video_AlpineShell_15s,$180.64,12860,326,806.12
07/18/2025,CAMP-META-02,US_Retargeting_MOFU,SET-M02,Cart_Abandoners,AD-M102,Static_Discount_10Off,$120.51,8140,257,542.23
07/18/2025,CAMP-META-03,EU_Brand_Awareness,SET-M03,EU_Outdoor_Interest,AD-M103,Carousel_Gear_Collection,$185.20,12247,416,723.84
07/19/2025,CAMP-META-01,US_Prospecting_Broad,SET-M01,Lookalike_1%,AD-M101,Video_AlpineShell_15s,$190.67,10752,355,896.91
07/19/2025,CAMP-META-02,US_Retargeting_MOFU,SET-M02,Cart_Abandoners,AD-M102,Static_Discount_10Off,$232.20,13787,348,946.92
07/19/2025,CAMP-META-03,EU_Brand_Awareness,SET-M03,EU_Outdoor_Interest,AD-M103,Carousel_Gear_Collection,$183.15,12033,452,752.93
07/20/2025,CAMP-META-01,US_Prospecting_Broad,SET-M01,Lookalike_1%,AD-M101,Video_AlpineShell_15s,$261.51,15243,535,1112.31
07/20/2025,CAMP-META-02,US_Retargeting_MOFU,SET-M02,Cart_Abandoners,AD-M102,Static_Discount_10Off,$222.11,13491,360,1008.2
07/20/2025,CAMP-META-03,EU_Brand_Awareness,SET-M03,EU_Outdoor_Interest,AD-M103,Carousel_Gear_Collection,$185.10,13107,433,708.98
07/21/2025,CAMP-META-01,US_Prospecting_Broad,SET-M01,Lookalike_1%,AD-M101,Video_AlpineShell_15s,$214.05,11404,419,873.58
07/21/2025,CAMP-META-02,US_Retargeting_MOFU,SET-M02,Cart_Abandoners,AD-M102,Static_Discount_10Off,$121.55,6520,195,590.33
07/21/2025,CAMP-META-03,EU_Brand_Awareness,SET-M03,EU_Outdoor_Interest,AD-M103,Carousel_Gear_Collection,$216.36,11845,333,887.21
07/22/2025,CAMP-META-01,US_Prospecting_Broad,SET-M01,Lookalike_1%,AD-M101,Video_AlpineShell_15s,$205.11,13161,347,886.86
07/22/2025,CAMP-META-02,US_Retargeting_MOFU,SET-M02,Cart_Abandoners,AD-M102,Static_Discount_10Off,$213.62,12220,390,796.02
07/22/2025,CAMP-META-03,EU_Brand_Awareness,SET-M03,EU_Outdoor_Interest,AD-M103,Carousel_Gear_Collection,$181.50,9577,248,775.7
07/23/2025,CAMP-META-01,US_Prospecting_Broad,SET-M01,Lookalike_1%,AD-M101,Video_AlpineShell_15s,$207.74,11734,396,937.58
07/23/2025,CAMP-META-02,US_Retargeting_MOFU,SET-M02,Cart_Abandoners,AD-M102,Static_Discount_10Off,$155.95,10082,356,725.66
07/23/2025,CAMP-META-03,EU_Brand_Awareness,SET-M03,EU_Outdoor_Interest,AD-M103,Carousel_Gear_Collection,$206.71,11133,346,878.92
07/24/2025,CAMP-META-01,US_Prospecting_Broad,SET-M01,Lookalike_1%,AD-M101,Video_AlpineShell_15s,$199.83,11584,391,926.12
07/24/2025,CAMP-META-02,US_Retargeting_MOFU,SET-M02,Cart_Abandoners,AD-M102,Static_Discount_10Off,$209.00,13320,389,777.93
07/24/2025,CAMP-META-03,EU_Brand_Awareness,SET-M03,EU_Outdoor_Interest,AD-M103,Carousel_Gear_Collection,$177.83,12541,382,765.64
07/25/2025,CAMP-META-01,US_Prospecting_Broad,SET-M01,Lookalike_1%,AD-M101,Video_AlpineShell_15s,$148.65,8767,214,542.36
07/25/2025,CAMP-META-02,US_Retargeting_MOFU,SET-M02,Cart_Abandoners,AD-M102,Static_Discount_10Off,$202.26,12800,329,865.45
07/25/2025,CAMP-META-03,EU_Brand_Awareness,SET-M03,EU_Outdoor_Interest,AD-M103,Carousel_Gear_Collection,$197.00,13064,427,731.06
07/26/2025,CAMP-META-01,US_Prospecting_Broad,SET-M01,Lookalike_1%,AD-M101,Video_AlpineShell_15s,$156.46,9393,296,692.91
07/26/2025,CAMP-META-02,US_Retargeting_MOFU,SET-M02,Cart_Abandoners,AD-M102,Static_Discount_10Off,$240.76,12752,398,967.82
07/26/2025,CAMP-META-03,EU_Brand_Awareness,SET-M03,EU_Outdoor_Interest,AD-M103,Carousel_Gear_Collection,$249.40,16243,489,923.28
07/27/2025,CAMP-META-01,US_Prospecting_Broad,SET-M01,Lookalike_1%,AD-M101,Video_AlpineShell_15s,$153.17,8141,290,690.0
07/27/2025,CAMP-META-02,US_Retargeting_MOFU,SET-M02,Cart_Abandoners,AD-M102,Static_Discount_10Off,$201.12,13528,354,789.46
07/27/2025,CAMP-META-03,EU_Brand_Awareness,SET-M03,EU_Outdoor_Interest,AD-M103,Carousel_Gear_Collection,$218.65,12442,413,866.71
07/28/2025,CAMP-META-01,US_Prospecting_Broad,SET-M01,Lookalike_1%,AD-M101,Video_AlpineShell_15s,$215.49,12181,386,947.13
07/28/2025,CAMP-META-02,US_Retargeting_MOFU,SET-M02,Cart_Abandoners,AD-M102,Static_Discount_10Off,$161.96,10628,308,742.62
07/28/2025,CAMP-META-03,EU_Brand_Awareness,SET-M03,EU_Outdoor_Interest,AD-M103,Carousel_Gear_Collection,$121.44,8329,205,443.61
07/29/2025,CAMP-META-01,US_Prospecting_Broad,SET-M01,Lookalike_1%,AD-M101,Video_AlpineShell_15s,$205.55,11733,359,766.12
07/29/2025,CAMP-META-02,US_Retargeting_MOFU,SET-M02,Cart_Abandoners,AD-M102,Static_Discount_10Off,$169.16,10335,273,704.38
07/29/2025,CAMP-META-03,EU_Brand_Awareness,SET-M03,EU_Outdoor_Interest,AD-M103,Carousel_Gear_Collection,$159.85,9359,307,584.87
07/30/2025,CAMP-META-01,US_Prospecting_Broad,SET-M01,Lookalike_1%,AD-M101,Video_AlpineShell_15s,$157.46,9192,285,742.18
07/30/2025,CAMP-META-02,US_Retargeting_MOFU,SET-M02,Cart_Abandoners,AD-M102,Static_Discount_10Off,$185.87,12546,313,824.36
07/30/2025,CAMP-META-03,EU_Brand_Awareness,SET-M03,EU_Outdoor_Interest,AD-M103,Carousel_Gear_Collection,$122.65,7245,269,533.3
07/31/2025,CAMP-META-01,US_Prospecting_Broad,SET-M01,Lookalike_1%,AD-M101,Video_AlpineShell_15s,$158.82,9224,280,684.4
07/31/2025,CAMP-META-02,US_Retargeting_MOFU,SET-M02,Cart_Abandoners,AD-M102,Static_Discount_10Off,$214.15,13442,503,1022.99
07/31/2025,CAMP-META-03,EU_Brand_Awareness,SET-M03,EU_Outdoor_Interest,AD-M103,Carousel_Gear_Collection,$139.58,9728,247,505.79
08/01/2025,CAMP-META-01,US_Prospecting_Broad,SET-M01,Lookalike_1%,AD-M101,Video_AlpineShell_15s,$129.44,7432,185,519.66
08/01/2025,CAMP-META-02,US_Retargeting_MOFU,SET-M02,Cart_Abandoners,AD-M102,Static_Discount_10Off,$204.49,14486,512,811.09
08/01/2025,CAMP-META-03,EU_Brand_Awareness,SET-M03,EU_Outdoor_Interest,AD-M103,Carousel_Gear_Collection,$131.82,7539,247,624.92
08/02/2025,CAMP-META-01,US_Prospecting_Broad,SET-M01,Lookalike_1%,AD-M101,Video_AlpineShell_15s,$241.88,13424,375,926.56
08/02/2025,CAMP-META-02,US_Retargeting_MOFU,SET-M02,Cart_Abandoners,AD-M102,Static_Discount_10Off,$243.83,13520,511,1008.58
08/02/2025,CAMP-META-03,EU_Brand_Awareness,SET-M03,EU_Outdoor_Interest,AD-M103,Carousel_Gear_Collection,$196.50,10988,316,945.16
08/03/2025,CAMP-META-01,US_Prospecting_Broad,SET-M01,Lookalike_1%,AD-M101,Video_AlpineShell_15s,$257.30,15936,549,1178.67
08/03/2025,CAMP-META-02,US_Retargeting_MOFU,SET-M02,Cart_Abandoners,AD-M102,Static_Discount_10Off,$162.89,8798,273,761.41
08/03/2025,CAMP-META-03,EU_Brand_Awareness,SET-M03,EU_Outdoor_Interest,AD-M103,Carousel_Gear_Collection,$190.01,10283,302,686.71
08/04/2025,CAMP-META-01,US_Prospecting_Broad,SET-M01,Lookalike_1%,AD-M101,Video_AlpineShell_15s,$210.54,14563,414,1017.98
08/04/2025,CAMP-META-02,US_Retargeting_MOFU,SET-M02,Cart_Abandoners,AD-M102,Static_Discount_10Off,$215.06,12750,418,899.59
08/04/2025,CAMP-META-03,EU_Brand_Awareness,SET-M03,EU_Outdoor_Interest,AD-M103,Carousel_Gear_Collection,$149.32,9545,318,683.6
08/05/2025,CAMP-META-01,US_Prospecting_Broad,SET-M01,Lookalike_1%,AD-M101,Video_AlpineShell_15s,$199.16,11096,280,844.99
08/05/2025,CAMP-META-02,US_Retargeting_MOFU,SET-M02,Cart_Abandoners,AD-M102,Static_Discount_10Off,$125.76,7509,226,597.86
08/05/2025,CAMP-META-03,EU_Brand_Awareness,SET-M03,EU_Outdoor_Interest,AD-M103,Carousel_Gear_Collection,$155.09,10633,276,711.86
08/06/2025,CAMP-META-01,US_Prospecting_Broad,SET-M01,Lookalike_1%,AD-M101,Video_AlpineShell_15s,$181.82,12534,315,820.24
08/06/2025,CAMP-META-02,US_Retargeting_MOFU,SET-M02,Cart_Abandoners,AD-M102,Static_Discount_10Off,$127.28,7028,238,471.67
08/06/2025,CAMP-META-03,EU_Brand_Awareness,SET-M03,EU_Outdoor_Interest,AD-M103,Carousel_Gear_Collection,$128.48,6785,198,524.43
08/07/2025,CAMP-META-01,US_Prospecting_Broad,SET-M01,Lookalike_1%,AD-M101,Video_AlpineShell_15s,$201.28,10742,406,921.74
08/07/2025,CAMP-META-02,US_Retargeting_MOFU,SET-M02,Cart_Abandoners,AD-M102,Static_Discount_10Off,$157.63,10933,381,681.9
08/07/2025,CAMP-META-03,EU_Brand_Awareness,SET-M03,EU_Outdoor_Interest,AD-M103,Carousel_Gear_Collection,$162.42,8764,223,688.73
08/08/2025,CAMP-META-01,US_Prospecting_Broad,SET-M01,Lookalike_1%,AD-M101,Video_AlpineShell_15s,$121.14,7412,183,454.82
08/08/2025,CAMP-META-02,US_Retargeting_MOFU,SET-M02,Cart_Abandoners,AD-M102,Static_Discount_10Off,$131.75,7639,263,574.22
08/08/2025,CAMP-META-03,EU_Brand_Awareness,SET-M03,EU_Outdoor_Interest,AD-M103,Carousel_Gear_Collection,$216.22,13620,381,1022.54
08/09/2025,CAMP-META-01,US_Prospecting_Broad,SET-M01,Lookalike_1%,AD-M101,Video_AlpineShell_15s,$177.95,9457,228,864.99
08/09/2025,CAMP-META-02,US_Retargeting_MOFU,SET-M02,Cart_Abandoners,AD-M102,Static_Discount_10Off,$155.39,8419,264,759.99
08/09/2025,CAMP-META-03,EU_Brand_Awareness,SET-M03,EU_Outdoor_Interest,AD-M103,Carousel_Gear_Collection,$159.22,9494,356,681.47
08/10/2025,CAMP-META-01,US_Prospecting_Broad,SET-M01,Lookalike_1%,AD-M101,Video_AlpineShell_15s,$228.67,13082,397,1009.77
08/10/2025,CAMP-META-02,US_Retargeting_MOFU,SET-M02,Cart_Abandoners,AD-M102,Static_Discount_10Off,$223.04,12052,296,884.41
08/10/2025,CAMP-META-03,EU_Brand_Awareness,SET-M03,EU_Outdoor_Interest,AD-M103,Carousel_Gear_Collection,$268.80,14568,442,1184.38
08/11/2025,CAMP-META-01,US_Prospecting_Broad,SET-M01,Lookalike_1%,AD-M101,Video_AlpineShell_15s,$147.74,9888,301,599.73
08/11/2025,CAMP-META-02,US_Retargeting_MOFU,SET-M02,Cart_Abandoners,AD-M102,Static_Discount_10Off,$178.37,12396,466,870.82
08/11/2025,CAMP-META-03,EU_Brand_Awareness,SET-M03,EU_Outdoor_Interest,AD-M103,Carousel_Gear_Collection,$189.82,11379,322,884.17
08/12/2025,CAMP-META-01,US_Prospecting_Broad,SET-M01,Lookalike_1%,AD-M101,Video_AlpineShell_15s,$188.47,12723,467,880.02
08/12/2025,CAMP-META-02,US_Retargeting_MOFU,SET-M02,Cart_Abandoners,AD-M102,Static_Discount_10Off,$214.98,12194,397,890.82
08/12/2025,CAMP-META-03,EU_Brand_Awareness,SET-M03,EU_Outdoor_Interest,AD-M103,Carousel_Gear_Collection,$213.27,11634,286,775.08
08/13/2025,CAMP-META-01,US_Prospecting_Broad,SET-M01,Lookalike_1%,AD-M101,Video_AlpineShell_15s,$157.65,8732,330,598.37
08/13/2025,CAMP-META-02,US_Retargeting_MOFU,SET-M02,Cart_Abandoners,AD-M102,Static_Discount_10Off,$179.41,11280,423,842.29
08/13/2025,CAMP-META-03,EU_Brand_Awareness,SET-M03,EU_Outdoor_Interest,AD-M103,Carousel_Gear_Collection,$203.83,12471,371,806.24
08/14/2025,CAMP-META-01,US_Prospecting_Broad,SET-M01,Lookalike_1%,AD-M101,Video_AlpineShell_15s,$125.64,6856,242,615.59
08/14/2025,CAMP-META-02,US_Retargeting_MOFU,SET-M02,Cart_Abandoners,AD-M102,Static_Discount_10Off,$219.66,13092,455,1060.56
08/14/2025,CAMP-META-03,EU_Brand_Awareness,SET-M03,EU_Outdoor_Interest,AD-M103,Carousel_Gear_Collection,$204.96,13451,407,772.27
08/15/2025,CAMP-META-01,US_Prospecting_Broad,SET-M01,Lookalike_1%,AD-M101,Video_AlpineShell_15s,$215.41,12648,344,963.57
08/15/2025,CAMP-META-02,US_Retargeting_MOFU,SET-M02,Cart_Abandoners,AD-M102,Static_Discount_10Off,$181.81,11513,294,813.24
08/15/2025,CAMP-META-03,EU_Brand_Awareness,SET-M03,EU_Outdoor_Interest,AD-M103,Carousel_Gear_Collection,$172.03,9631,301,809.89
08/16/2025,CAMP-META-01,US_Prospecting_Broad,SET-M01,Lookalike_1%,AD-M101,Video_AlpineShell_15s,$218.99,13031,472,903.23
08/16/2025,CAMP-META-02,US_Retargeting_MOFU,SET-M02,Cart_Abandoners,AD-M102,Static_Discount_10Off,$166.75,11789,407,734.77
08/16/2025,CAMP-META-03,EU_Brand_Awareness,SET-M03,EU_Outdoor_Interest,AD-M103,Carousel_Gear_Collection,$238.01,15799,409,861.34
08/17/2025,CAMP-META-01,US_Prospecting_Broad,SET-M01,Lookalike_1%,AD-M101,Video_AlpineShell_15s,$193.82,11435,337,807.98
08/17/2025,CAMP-META-02,US_Retargeting_MOFU,SET-M02,Cart_Abandoners,AD-M102,Static_Discount_10Off,$263.02,16708,521,1214.82
08/17/2025,CAMP-META-03,EU_Brand_Awareness,SET-M03,EU_Outdoor_Interest,AD-M103,Carousel_Gear_Collection,$199.57,11663,420,964.8
08/18/2025,CAMP-META-01,US_Prospecting_Broad,SET-M01,Lookalike_1%,AD-M101,Video_AlpineShell_15s,$134.71,7229,223,530.18
08/18/2025,CAMP-META-02,US_Retargeting_MOFU,SET-M02,Cart_Abandoners,AD-M102,Static_Discount_10Off,$165.91,8778,271,668.18
08/18/2025,CAMP-META-03,EU_Brand_Awareness,SET-M03,EU_Outdoor_Interest,AD-M103,Carousel_Gear_Collection,$183.34,12061,302,690.74
08/19/2025,CAMP-META-01,US_Prospecting_Broad,SET-M01,Lookalike_1%,AD-M101,Video_AlpineShell_15s,$132.80,8997,233,588.72
08/19/2025,CAMP-META-02,US_Retargeting_MOFU,SET-M02,Cart_Abandoners,AD-M102,Static_Discount_10Off,$138.19,8786,321,582.63
08/19/2025,CAMP-META-03,EU_Brand_Awareness,SET-M03,EU_Outdoor_Interest,AD-M103,Carousel_Gear_Collection,$186.76,12566,335,682.26
08/20/2025,CAMP-META-01,US_Prospecting_Broad,SET-M01,Lookalike_1%,AD-M101,Video_AlpineShell_15s,$136.89,8893,235,508.59
08/20/2025,CAMP-META-02,US_Retargeting_MOFU,SET-M02,Cart_Abandoners,AD-M102,Static_Discount_10Off,$132.06,8099,217,537.95
08/20/2025,CAMP-META-03,EU_Brand_Awareness,SET-M03,EU_Outdoor_Interest,AD-M103,Carousel_Gear_Collection,$170.34,9760,239,790.25
08/21/2025,CAMP-META-01,US_Prospecting_Broad,SET-M01,Lookalike_1%,AD-M101,Video_AlpineShell_15s,$182.79,12686,459,876.87
08/21/2025,CAMP-META-02,US_Retargeting_MOFU,SET-M02,Cart_Abandoners,AD-M102,Static_Discount_10Off,$126.11,8197,289,576.67
08/21/2025,CAMP-META-03,EU_Brand_Awareness,SET-M03,EU_Outdoor_Interest,AD-M103,Carousel_Gear_Collection,$138.45,9201,268,585.63
08/22/2025,CAMP-META-01,US_Prospecting_Broad,SET-M01,Lookalike_1%,AD-M101,Video_AlpineShell_15s,$181.83,11475,349,831.27
08/22/2025,CAMP-META-02,US_Retargeting_MOFU,SET-M02,Cart_Abandoners,AD-M102,Static_Discount_10Off,$123.67,8103,275,589.14
08/22/2025,CAMP-META-03,EU_Brand_Awareness,SET-M03,EU_Outdoor_Interest,AD-M103,Carousel_Gear_Collection,$171.17,10273,261,715.77
08/23/2025,CAMP-META-01,US_Prospecting_Broad,SET-M01,Lookalike_1%,AD-M101,Video_AlpineShell_15s,$216.58,14237,395,885.91
08/23/2025,CAMP-META-02,US_Retargeting_MOFU,SET-M02,Cart_Abandoners,AD-M102,Static_Discount_10Off,$152.51,9769,263,613.97
08/23/2025,CAMP-META-03,EU_Brand_Awareness,SET-M03,EU_Outdoor_Interest,AD-M103,Carousel_Gear_Collection,$164.97,8940,288,739.53
08/24/2025,CAMP-META-01,US_Prospecting_Broad,SET-M01,Lookalike_1%,AD-M101,Video_AlpineShell_15s,$248.65,15076,380,1068.76
08/24/2025,CAMP-META-02,US_Retargeting_MOFU,SET-M02,Cart_Abandoners,AD-M102,Static_Discount_10Off,$223.36,12599,378,841.14
08/24/2025,CAMP-META-03,EU_Brand_Awareness,SET-M03,EU_Outdoor_Interest,AD-M103,Carousel_Gear_Collection,$185.47,11727,387,805.31
08/25/2025,CAMP-META-01,US_Prospecting_Broad,SET-M01,Lookalike_1%,AD-M101,Video_AlpineShell_15s,$155.61,8219,266,608.19
08/25/2025,CAMP-META-02,US_Retargeting_MOFU,SET-M02,Cart_Abandoners,AD-M102,Static_Discount_10Off,$130.18,8817,241,495.84
08/25/2025,CAMP-META-03,EU_Brand_Awareness,SET-M03,EU_Outdoor_Interest,AD-M103,Carousel_Gear_Collection,$138.66,8989,237,660.83
08/26/2025,CAMP-META-01,US_Prospecting_Broad,SET-M01,Lookalike_1%,AD-M101,Video_AlpineShell_15s,$128.02,7701,229,624.37
08/26/2025,CAMP-META-02,US_Retargeting_MOFU,SET-M02,Cart_Abandoners,AD-M102,Static_Discount_10Off,$131.20,8205,308,619.94
08/26/2025,CAMP-META-03,EU_Brand_Awareness,SET-M03,EU_Outdoor_Interest,AD-M103,Carousel_Gear_Collection,$201.71,13192,348,901.49
08/27/2025,CAMP-META-01,US_Prospecting_Broad,SET-M01,Lookalike_1%,AD-M101,Video_AlpineShell_15s,$212.94,12687,406,844.09
08/27/2025,CAMP-META-02,US_Retargeting_MOFU,SET-M02,Cart_Abandoners,AD-M102,Static_Discount_10Off,$196.95,13186,376,817.95
08/27/2025,CAMP-META-03,EU_Brand_Awareness,SET-M03,EU_Outdoor_Interest,AD-M103,Carousel_Gear_Collection,$170.76,11225,287,750.29
08/28/2025,CAMP-META-01,US_Prospecting_Broad,SET-M01,Lookalike_1%,AD-M101,Video_AlpineShell_15s,$148.86,8805,230,629.01
08/28/2025,CAMP-META-02,US_Retargeting_MOFU,SET-M02,Cart_Abandoners,AD-M102,Static_Discount_10Off,$173.26,12150,348,654.01
08/28/2025,CAMP-META-03,EU_Brand_Awareness,SET-M03,EU_Outdoor_Interest,AD-M103,Carousel_Gear_Collection,$126.34,6667,190,587.84
08/29/2025,CAMP-META-01,US_Prospecting_Broad,SET-M01,Lookalike_1%,AD-M101,Video_AlpineShell_15s,$145.46,8356,289,636.29
08/29/2025,CAMP-META-02,US_Retargeting_MOFU,SET-M02,Cart_Abandoners,AD-M102,Static_Discount_10Off,$167.16,10408,300,803.77
08/29/2025,CAMP-META-03,EU_Brand_Awareness,SET-M03,EU_Outdoor_Interest,AD-M103,Carousel_Gear_Collection,$203.06,10786,277,923.95
08/30/2025,CAMP-META-01,US_Prospecting_Broad,SET-M01,Lookalike_1%,AD-M101,Video_AlpineShell_15s,$267.29,17931,447,1219.77
08/30/2025,CAMP-META-02,US_Retargeting_MOFU,SET-M02,Cart_Abandoners,AD-M102,Static_Discount_10Off,$221.81,12181,316,1027.83
08/30/2025,CAMP-META-03,EU_Brand_Awareness,SET-M03,EU_Outdoor_Interest,AD-M103,Carousel_Gear_Collection,$175.20,11823,310,816.25
08/31/2025,CAMP-META-01,US_Prospecting_Broad,SET-M01,Lookalike_1%,AD-M101,Video_AlpineShell_15s,$233.15,14032,407,1105.22
08/31/2025,CAMP-META-02,US_Retargeting_MOFU,SET-M02,Cart_Abandoners,AD-M102,Static_Discount_10Off,$199.06,11008,331,814.16
08/31/2025,CAMP-META-03,EU_Brand_Awareness,SET-M03,EU_Outdoor_Interest,AD-M103,Carousel_Gear_Collection,$207.83,13402,461,884.01
09/01/2025,CAMP-META-01,US_Prospecting_Broad,SET-M01,Lookalike_1%,AD-M101,Video_AlpineShell_15s,$143.22,7742,227,616.79
09/01/2025,CAMP-META-02,US_Retargeting_MOFU,SET-M02,Cart_Abandoners,AD-M102,Static_Discount_10Off,$210.65,12303,315,1015.71
09/01/2025,CAMP-META-03,EU_Brand_Awareness,SET-M03,EU_Outdoor_Interest,AD-M103,Carousel_Gear_Collection,$182.77,11660,302,846.63
09/02/2025,CAMP-META-01,US_Prospecting_Broad,SET-M01,Lookalike_1%,AD-M101,Video_AlpineShell_15s,$182.01,10920,398,841.83
09/02/2025,CAMP-META-02,US_Retargeting_MOFU,SET-M02,Cart_Abandoners,AD-M102,Static_Discount_10Off,$135.17,8687,238,617.34
09/02/2025,CAMP-META-03,EU_Brand_Awareness,SET-M03,EU_Outdoor_Interest,AD-M103,Carousel_Gear_Collection,$123.35,7320,253,584.65
09/03/2025,CAMP-META-01,US_Prospecting_Broad,SET-M01,Lookalike_1%,AD-M101,Video_AlpineShell_15s,$154.21,8516,217,724.85
09/03/2025,CAMP-META-02,US_Retargeting_MOFU,SET-M02,Cart_Abandoners,AD-M102,Static_Discount_10Off,$132.75,8303,291,503.77
09/03/2025,CAMP-META-03,EU_Brand_Awareness,SET-M03,EU_Outdoor_Interest,AD-M103,Carousel_Gear_Collection,$142.93,8115,276,633.68
09/04/2025,CAMP-META-01,US_Prospecting_Broad,SET-M01,Lookalike_1%,AD-M101,Video_AlpineShell_15s,$189.39,11331,311,766.92
09/04/2025,CAMP-META-02,US_Retargeting_MOFU,SET-M02,Cart_Abandoners,AD-M102,Static_Discount_10Off,$138.16,7451,239,569.37
09/04/2025,CAMP-META-03,EU_Brand_Awareness,SET-M03,EU_Outdoor_Interest,AD-M103,Carousel_Gear_Collection,$166.20,8870,231,724.98
09/05/2025,CAMP-META-01,US_Prospecting_Broad,SET-M01,Lookalike_1%,AD-M101,Video_AlpineShell_15s,$170.59,10001,242,807.53
09/05/2025,CAMP-META-02,US_Retargeting_MOFU,SET-M02,Cart_Abandoners,AD-M102,Static_Discount_10Off,$213.21,12671,427,1023.25
09/05/2025,CAMP-META-03,EU_Brand_Awareness,SET-M03,EU_Outdoor_Interest,AD-M103,Carousel_Gear_Collection,$190.72,12919,414,837.02
09/06/2025,CAMP-META-01,US_Prospecting_Broad,SET-M01,Lookalike_1%,AD-M101,Video_AlpineShell_15s,$203.02,11481,425,975.15
09/06/2025,CAMP-META-02,US_Retargeting_MOFU,SET-M02,Cart_Abandoners,AD-M102,Static_Discount_10Off,$206.35,14166,535,967.9
09/06/2025,CAMP-META-03,EU_Brand_Awareness,SET-M03,EU_Outdoor_Interest,AD-M103,Carousel_Gear_Collection,$165.58,8900,321,707.77
09/07/2025,CAMP-META-01,US_Prospecting_Broad,SET-M01,Lookalike_1%,AD-M101,Video_AlpineShell_15s,$223.91,13998,346,903.65
09/07/2025,CAMP-META-02,US_Retargeting_MOFU,SET-M02,Cart_Abandoners,AD-M102,Static_Discount_10Off,$250.36,17853,511,1030.89
09/07/2025,CAMP-META-03,EU_Brand_Awareness,SET-M03,EU_Outdoor_Interest,AD-M103,Carousel_Gear_Collection,$217.17,11676,336,879.76
09/08/2025,CAMP-META-01,US_Prospecting_Broad,SET-M01,Lookalike_1%,AD-M101,Video_AlpineShell_15s,$193.75,11914,323,811.46
09/08/2025,CAMP-META-02,US_Retargeting_MOFU,SET-M02,Cart_Abandoners,AD-M102,Static_Discount_10Off,$134.09,9010,279,555.75
09/08/2025,CAMP-META-03,EU_Brand_Awareness,SET-M03,EU_Outdoor_Interest,AD-M103,Carousel_Gear_Collection,$211.48,13374,429,935.15
09/09/2025,CAMP-META-01,US_Prospecting_Broad,SET-M01,Lookalike_1%,AD-M101,Video_AlpineShell_15s,$121.31,7004,185,588.28
09/09/2025,CAMP-META-02,US_Retargeting_MOFU,SET-M02,Cart_Abandoners,AD-M102,Static_Discount_10Off,$134.87,8391,211,660.31
09/09/2025,CAMP-META-03,EU_Brand_Awareness,SET-M03,EU_Outdoor_Interest,AD-M103,Carousel_Gear_Collection,$170.22,10026,250,778.75
09/10/2025,CAMP-META-01,US_Prospecting_Broad,SET-M01,Lookalike_1%,AD-M101,Video_AlpineShell_15s,$140.99,7625,204,542.51
09/10/2025,CAMP-META-02,US_Retargeting_MOFU,SET-M02,Cart_Abandoners,AD-M102,Static_Discount_10Off,$123.65,7557,241,455.7
09/10/2025,CAMP-META-03,EU_Brand_Awareness,SET-M03,EU_Outdoor_Interest,AD-M103,Carousel_Gear_Collection,$197.55,12144,380,824.37
09/11/2025,CAMP-META-01,US_Prospecting_Broad,SET-M01,Lookalike_1%,AD-M101,Video_AlpineShell_15s,$160.08,9529,249,614.15
09/11/2025,CAMP-META-02,US_Retargeting_MOFU,SET-M02,Cart_Abandoners,AD-M102,Static_Discount_10Off,$206.18,11007,321,814.82
09/11/2025,CAMP-META-03,EU_Brand_Awareness,SET-M03,EU_Outdoor_Interest,AD-M103,Carousel_Gear_Collection,$184.40,11493,279,701.27
09/12/2025,CAMP-META-01,US_Prospecting_Broad,SET-M01,Lookalike_1%,AD-M101,Video_AlpineShell_15s,$191.60,11078,270,745.05
09/12/2025,CAMP-META-02,US_Retargeting_MOFU,SET-M02,Cart_Abandoners,AD-M102,Static_Discount_10Off,$143.11,8243,200,534.56
09/12/2025,CAMP-META-03,EU_Brand_Awareness,SET-M03,EU_Outdoor_Interest,AD-M103,Carousel_Gear_Collection,$199.99,13428,444,781.89
09/13/2025,CAMP-META-01,US_Prospecting_Broad,SET-M01,Lookalike_1%,AD-M101,Video_AlpineShell_15s,$162.43,10675,364,765.44
09/13/2025,CAMP-META-02,US_Retargeting_MOFU,SET-M02,Cart_Abandoners,AD-M102,Static_Discount_10Off,$253.78,15875,529,981.24
09/13/2025,CAMP-META-03,EU_Brand_Awareness,SET-M03,EU_Outdoor_Interest,AD-M103,Carousel_Gear_Collection,$186.64,10098,244,692.65
09/14/2025,CAMP-META-01,US_Prospecting_Broad,SET-M01,Lookalike_1%,AD-M101,Video_AlpineShell_15s,$175.99,12452,330,766.96
09/14/2025,CAMP-META-02,US_Retargeting_MOFU,SET-M02,Cart_Abandoners,AD-M102,Static_Discount_10Off,$202.68,10977,389,819.71
09/14/2025,CAMP-META-03,EU_Brand_Awareness,SET-M03,EU_Outdoor_Interest,AD-M103,Carousel_Gear_Collection,$182.43,11474,370,720.32
09/15/2025,CAMP-META-01,US_Prospecting_Broad,SET-M01,Lookalike_1%,AD-M101,Video_AlpineShell_15s,$182.41,11367,360,760.1
09/15/2025,CAMP-META-02,US_Retargeting_MOFU,SET-M02,Cart_Abandoners,AD-M102,Static_Discount_10Off,$149.45,7973,276,565.24
09/15/2025,CAMP-META-03,EU_Brand_Awareness,SET-M03,EU_Outdoor_Interest,AD-M103,Carousel_Gear_Collection,$206.85,12584,459,959.75
09/16/2025,CAMP-META-01,US_Prospecting_Broad,SET-M01,Lookalike_1%,AD-M101,Video_AlpineShell_15s,$162.52,11516,319,699.51
09/16/2025,CAMP-META-02,US_Retargeting_MOFU,SET-M02,Cart_Abandoners,AD-M102,Static_Discount_10Off,$183.35,11991,311,859.07
09/16/2025,CAMP-META-03,EU_Brand_Awareness,SET-M03,EU_Outdoor_Interest,AD-M103,Carousel_Gear_Collection,$218.44,13136,346,863.71
09/17/2025,CAMP-META-01,US_Prospecting_Broad,SET-M01,Lookalike_1%,AD-M101,Video_AlpineShell_15s,$121.84,6560,168,529.94
09/17/2025,CAMP-META-02,US_Retargeting_MOFU,SET-M02,Cart_Abandoners,AD-M102,Static_Discount_10Off,$147.41,8789,291,689.68
09/17/2025,CAMP-META-03,EU_Brand_Awareness,SET-M03,EU_Outdoor_Interest,AD-M103,Carousel_Gear_Collection,$140.64,10006,259,670.86
09/18/2025,CAMP-META-01,US_Prospecting_Broad,SET-M01,Lookalike_1%,AD-M101,Video_AlpineShell_15s,$207.39,12208,395,925.9
09/18/2025,CAMP-META-02,US_Retargeting_MOFU,SET-M02,Cart_Abandoners,AD-M102,Static_Discount_10Off,$137.54,7405,221,563.65
09/18/2025,CAMP-META-03,EU_Brand_Awareness,SET-M03,EU_Outdoor_Interest,AD-M103,Carousel_Gear_Collection,$171.89,12075,317,783.72
09/19/2025,CAMP-META-01,US_Prospecting_Broad,SET-M01,Lookalike_1%,AD-M101,Video_AlpineShell_15s,$128.28,7538,206,526.73
09/19/2025,CAMP-META-02,US_Retargeting_MOFU,SET-M02,Cart_Abandoners,AD-M102,Static_Discount_10Off,$148.87,9435,321,593.43
09/19/2025,CAMP-META-03,EU_Brand_Awareness,SET-M03,EU_Outdoor_Interest,AD-M103,Carousel_Gear_Collection,$176.64,10783,358,851.03
09/20/2025,CAMP-META-01,US_Prospecting_Broad,SET-M01,Lookalike_1%,AD-M101,Video_AlpineShell_15s,$241.57,16024,391,952.01
09/20/2025,CAMP-META-02,US_Retargeting_MOFU,SET-M02,Cart_Abandoners,AD-M102,Static_Discount_10Off,$224.38,15738,487,981.86
09/20/2025,CAMP-META-03,EU_Brand_Awareness,SET-M03,EU_Outdoor_Interest,AD-M103,Carousel_Gear_Collection,$191.78,10741,273,709.14
09/21/2025,CAMP-META-01,US_Prospecting_Broad,SET-M01,Lookalike_1%,AD-M101,Video_AlpineShell_15s,$241.02,14627,492,1003.91
09/21/2025,CAMP-META-02,US_Retargeting_MOFU,SET-M02,Cart_Abandoners,AD-M102,Static_Discount_10Off,$180.80,9991,351,814.16
09/21/2025,CAMP-META-03,EU_Brand_Awareness,SET-M03,EU_Outdoor_Interest,AD-M103,Carousel_Gear_Collection,$184.02,10855,315,684.38
09/22/2025,CAMP-META-01,US_Prospecting_Broad,SET-M01,Lookalike_1%,AD-M101,Video_AlpineShell_15s,$211.73,14419,537,884.99
09/22/2025,CAMP-META-02,US_Retargeting_MOFU,SET-M02,Cart_Abandoners,AD-M102,Static_Discount_10Off,$138.51,8289,300,630.48
09/22/2025,CAMP-META-03,EU_Brand_Awareness,SET-M03,EU_Outdoor_Interest,AD-M103,Carousel_Gear_Collection,$200.66,11602,390,943.9
09/23/2025,CAMP-META-01,US_Prospecting_Broad,SET-M01,Lookalike_1%,AD-M101,Video_AlpineShell_15s,$144.97,8814,238,708.03
09/23/2025,CAMP-META-02,US_Retargeting_MOFU,SET-M02,Cart_Abandoners,AD-M102,Static_Discount_10Off,$214.41,15102,511,1029.77
09/23/2025,CAMP-META-03,EU_Brand_Awareness,SET-M03,EU_Outdoor_Interest,AD-M103,Carousel_Gear_Collection,$138.06,8198,301,503.11
09/24/2025,CAMP-META-01,US_Prospecting_Broad,SET-M01,Lookalike_1%,AD-M101,Video_AlpineShell_15s,$189.74,12251,452,922.59
09/24/2025,CAMP-META-02,US_Retargeting_MOFU,SET-M02,Cart_Abandoners,AD-M102,Static_Discount_10Off,$214.43,13098,472,1007.37
09/24/2025,CAMP-META-03,EU_Brand_Awareness,SET-M03,EU_Outdoor_Interest,AD-M103,Carousel_Gear_Collection,$151.91,8372,205,664.63
09/25/2025,CAMP-META-01,US_Prospecting_Broad,SET-M01,Lookalike_1%,AD-M101,Video_AlpineShell_15s,$143.00,9792,245,644.24
09/25/2025,CAMP-META-02,US_Retargeting_MOFU,SET-M02,Cart_Abandoners,AD-M102,Static_Discount_10Off,$153.99,8737,217,617.48
09/25/2025,CAMP-META-03,EU_Brand_Awareness,SET-M03,EU_Outdoor_Interest,AD-M103,Carousel_Gear_Collection,$173.95,9688,275,767.76
09/26/2025,CAMP-META-01,US_Prospecting_Broad,SET-M01,Lookalike_1%,AD-M101,Video_AlpineShell_15s,$208.60,12213,332,757.58
09/26/2025,CAMP-META-02,US_Retargeting_MOFU,SET-M02,Cart_Abandoners,AD-M102,Static_Discount_10Off,$207.01,14674,531,887.58
09/26/2025,CAMP-META-03,EU_Brand_Awareness,SET-M03,EU_Outdoor_Interest,AD-M103,Carousel_Gear_Collection,$213.91,11887,451,867.6
09/27/2025,CAMP-META-01,US_Prospecting_Broad,SET-M01,Lookalike_1%,AD-M101,Video_AlpineShell_15s,$245.90,15359,471,1085.83
09/27/2025,CAMP-META-02,US_Retargeting_MOFU,SET-M02,Cart_Abandoners,AD-M102,Static_Discount_10Off,$259.21,13700,476,1073.93
09/27/2025,CAMP-META-03,EU_Brand_Awareness,SET-M03,EU_Outdoor_Interest,AD-M103,Carousel_Gear_Collection,$202.67,11458,313,758.72
09/28/2025,CAMP-META-01,US_Prospecting_Broad,SET-M01,Lookalike_1%,AD-M101,Video_AlpineShell_15s,$194.33,12589,354,758.6
09/28/2025,CAMP-META-02,US_Retargeting_MOFU,SET-M02,Cart_Abandoners,AD-M102,Static_Discount_10Off,$155.26,11019,416,645.28
09/28/2025,CAMP-META-03,EU_Brand_Awareness,SET-M03,EU_Outdoor_Interest,AD-M103,Carousel_Gear_Collection,$198.04,11382,307,957.51
09/29/2025,CAMP-META-01,US_Prospecting_Broad,SET-M01,Lookalike_1%,AD-M101,Video_AlpineShell_15s,$198.63,13748,410,942.07
09/29/2025,CAMP-META-02,US_Retargeting_MOFU,SET-M02,Cart_Abandoners,AD-M102,Static_Discount_10Off,$214.47,13127,427,818.66
09/29/2025,CAMP-META-03,EU_Brand_Awareness,SET-M03,EU_Outdoor_Interest,AD-M103,Carousel_Gear_Collection,$219.12,14455,537,973.89
09/30/2025,CAMP-META-01,US_Prospecting_Broad,SET-M01,Lookalike_1%,AD-M101,Video_AlpineShell_15s,$180.77,10913,297,692.26
09/30/2025,CAMP-META-02,US_Retargeting_MOFU,SET-M02,Cart_Abandoners,AD-M102,Static_Discount_10Off,$142.05,9513,332,576.04
09/30/2025,CAMP-META-03,EU_Brand_Awareness,SET-M03,EU_Outdoor_Interest,AD-M103,Carousel_Gear_Collection,$125.78,6674,242,604.51
10/01/2025,CAMP-META-01,US_Prospecting_Broad,SET-M01,Lookalike_1%,AD-M101,Video_AlpineShell_15s,$219.49,14761,436,1006.52
10/01/2025,CAMP-META-02,US_Retargeting_MOFU,SET-M02,Cart_Abandoners,AD-M102,Static_Discount_10Off,$189.60,12837,454,737.88
10/01/2025,CAMP-META-03,EU_Brand_Awareness,SET-M03,EU_Outdoor_Interest,AD-M103,Carousel_Gear_Collection,$142.38,8533,275,619.94
10/02/2025,CAMP-META-01,US_Prospecting_Broad,SET-M01,Lookalike_1%,AD-M101,Video_AlpineShell_15s,$129.15,7023,194,486.68
10/02/2025,CAMP-META-02,US_Retargeting_MOFU,SET-M02,Cart_Abandoners,AD-M102,Static_Discount_10Off,$208.87,11122,401,971.74
10/02/2025,CAMP-META-03,EU_Brand_Awareness,SET-M03,EU_Outdoor_Interest,AD-M103,Carousel_Gear_Collection,$185.52,11072,279,766.38
10/03/2025,CAMP-META-01,US_Prospecting_Broad,SET-M01,Lookalike_1%,AD-M101,Video_AlpineShell_15s,$157.27,10279,350,667.55
10/03/2025,CAMP-META-02,US_Retargeting_MOFU,SET-M02,Cart_Abandoners,AD-M102,Static_Discount_10Off,$128.10,8482,284,473.84
10/03/2025,CAMP-META-03,EU_Brand_Awareness,SET-M03,EU_Outdoor_Interest,AD-M103,Carousel_Gear_Collection,$205.12,12449,382,896.4
10/04/2025,CAMP-META-01,US_Prospecting_Broad,SET-M01,Lookalike_1%,AD-M101,Video_AlpineShell_15s,$253.09,16080,538,1097.26
10/04/2025,CAMP-META-02,US_Retargeting_MOFU,SET-M02,Cart_Abandoners,AD-M102,Static_Discount_10Off,$183.38,9970,350,817.14
10/04/2025,CAMP-META-03,EU_Brand_Awareness,SET-M03,EU_Outdoor_Interest,AD-M103,Carousel_Gear_Collection,$256.32,13978,474,1201.66
10/05/2025,CAMP-META-01,US_Prospecting_Broad,SET-M01,Lookalike_1%,AD-M101,Video_AlpineShell_15s,$237.18,13630,445,1085.94
10/05/2025,CAMP-META-02,US_Retargeting_MOFU,SET-M02,Cart_Abandoners,AD-M102,Static_Discount_10Off,$169.83,9227,334,617.85
10/05/2025,CAMP-META-03,EU_Brand_Awareness,SET-M03,EU_Outdoor_Interest,AD-M103,Carousel_Gear_Collection,$253.23,17291,496,1156.39
10/06/2025,CAMP-META-01,US_Prospecting_Broad,SET-M01,Lookalike_1%,AD-M101,Video_AlpineShell_15s,$136.08,7522,268,579.66
10/06/2025,CAMP-META-02,US_Retargeting_MOFU,SET-M02,Cart_Abandoners,AD-M102,Static_Discount_10Off,$120.64,7815,255,588.19
10/06/2025,CAMP-META-03,EU_Brand_Awareness,SET-M03,EU_Outdoor_Interest,AD-M103,Carousel_Gear_Collection,$183.18,11973,393,788.04
10/07/2025,CAMP-META-01,US_Prospecting_Broad,SET-M01,Lookalike_1%,AD-M101,Video_AlpineShell_15s,$197.98,13621,472,852.04
10/07/2025,CAMP-META-02,US_Retargeting_MOFU,SET-M02,Cart_Abandoners,AD-M102,Static_Discount_10Off,$216.30,13768,452,1040.76
10/07/2025,CAMP-META-03,EU_Brand_Awareness,SET-M03,EU_Outdoor_Interest,AD-M103,Carousel_Gear_Collection,$130.25,6970,234,480.39
10/08/2025,CAMP-META-01,US_Prospecting_Broad,SET-M01,Lookalike_1%,AD-M101,Video_AlpineShell_15s,$150.10,8557,213,653.96
10/08/2025,CAMP-META-02,US_Retargeting_MOFU,SET-M02,Cart_Abandoners,AD-M102,Static_Discount_10Off,$154.59,9037,222,731.67
10/08/2025,CAMP-META-03,EU_Brand_Awareness,SET-M03,EU_Outdoor_Interest,AD-M103,Carousel_Gear_Collection,$217.35,11533,397,819.22
10/09/2025,CAMP-META-01,US_Prospecting_Broad,SET-M01,Lookalike_1%,AD-M101,Video_AlpineShell_15s,$195.83,13866,337,787.37
10/09/2025,CAMP-META-02,US_Retargeting_MOFU,SET-M02,Cart_Abandoners,AD-M102,Static_Discount_10Off,$168.86,9458,317,705.78
10/09/2025,CAMP-META-03,EU_Brand_Awareness,SET-M03,EU_Outdoor_Interest,AD-M103,Carousel_Gear_Collection,$147.36,7761,232,616.97
10/10/2025,CAMP-META-01,US_Prospecting_Broad,SET-M01,Lookalike_1%,AD-M101,Video_AlpineShell_15s,$136.36,7586,255,530.03
10/10/2025,CAMP-META-02,US_Retargeting_MOFU,SET-M02,Cart_Abandoners,AD-M102,Static_Discount_10Off,$128.24,7369,244,507.22
10/10/2025,CAMP-META-03,EU_Brand_Awareness,SET-M03,EU_Outdoor_Interest,AD-M103,Carousel_Gear_Collection,$215.09,14577,438,1038.18
10/11/2025,CAMP-META-01,US_Prospecting_Broad,SET-M01,Lookalike_1%,AD-M101,Video_AlpineShell_15s,$202.47,11776,348,801.07
10/11/2025,CAMP-META-02,US_Retargeting_MOFU,SET-M02,Cart_Abandoners,AD-M102,Static_Discount_10Off,$273.00,17012,621,1064.41
10/11/2025,CAMP-META-03,EU_Brand_Awareness,SET-M03,EU_Outdoor_Interest,AD-M103,Carousel_Gear_Collection,$176.64,12478,413,720.53
10/12/2025,CAMP-META-01,US_Prospecting_Broad,SET-M01,Lookalike_1%,AD-M101,Video_AlpineShell_15s,$258.04,15766,592,991.18
10/12/2025,CAMP-META-02,US_Retargeting_MOFU,SET-M02,Cart_Abandoners,AD-M102,Static_Discount_10Off,$258.58,14459,503,1214.87
10/12/2025,CAMP-META-03,EU_Brand_Awareness,SET-M03,EU_Outdoor_Interest,AD-M103,Carousel_Gear_Collection,$245.13,14309,369,892.83
10/13/2025,CAMP-META-01,US_Prospecting_Broad,SET-M01,Lookalike_1%,AD-M101,Video_AlpineShell_15s,$212.08,12414,436,896.25
10/13/2025,CAMP-META-02,US_Retargeting_MOFU,SET-M02,Cart_Abandoners,AD-M102,Static_Discount_10Off,$131.73,9006,302,547.92
10/13/2025,CAMP-META-03,EU_Brand_Awareness,SET-M03,EU_Outdoor_Interest,AD-M103,Carousel_Gear_Collection,$140.05,8509,211,610.14
10/14/2025,CAMP-META-01,US_Prospecting_Broad,SET-M01,Lookalike_1%,AD-M101,Video_AlpineShell_15s,$146.90,8166,231,615.77
10/14/2025,CAMP-META-02,US_Retargeting_MOFU,SET-M02,Cart_Abandoners,AD-M102,Static_Discount_10Off,$121.16,8436,248,511.77
10/14/2025,CAMP-META-03,EU_Brand_Awareness,SET-M03,EU_Outdoor_Interest,AD-M103,Carousel_Gear_Collection,$180.00,11644,392,849.27
10/15/2025,CAMP-META-01,US_Prospecting_Broad,SET-M01,Lookalike_1%,AD-M101,Video_AlpineShell_15s,$197.99,13944,428,739.77
10/15/2025,CAMP-META-02,US_Retargeting_MOFU,SET-M02,Cart_Abandoners,AD-M102,Static_Discount_10Off,$144.20,7616,197,612.64
10/15/2025,CAMP-META-03,EU_Brand_Awareness,SET-M03,EU_Outdoor_Interest,AD-M103,Carousel_Gear_Collection,$181.82,10382,330,656.86
10/16/2025,CAMP-META-01,US_Prospecting_Broad,SET-M01,Lookalike_1%,AD-M101,Video_AlpineShell_15s,$152.65,9202,232,619.12
10/16/2025,CAMP-META-02,US_Retargeting_MOFU,SET-M02,Cart_Abandoners,AD-M102,Static_Discount_10Off,$123.32,8568,253,465.23
10/16/2025,CAMP-META-03,EU_Brand_Awareness,SET-M03,EU_Outdoor_Interest,AD-M103,Carousel_Gear_Collection,$176.75,10130,356,682.29
10/17/2025,CAMP-META-01,US_Prospecting_Broad,SET-M01,Lookalike_1%,AD-M101,Video_AlpineShell_15s,$136.75,9416,309,617.89
10/17/2025,CAMP-META-02,US_Retargeting_MOFU,SET-M02,Cart_Abandoners,AD-M102,Static_Discount_10Off,$123.16,6592,163,530.04
10/17/2025,CAMP-META-03,EU_Brand_Awareness,SET-M03,EU_Outdoor_Interest,AD-M103,Carousel_Gear_Collection,$190.91,10401,353,886.25
10/18/2025,CAMP-META-01,US_Prospecting_Broad,SET-M01,Lookalike_1%,AD-M101,Video_AlpineShell_15s,$192.43,10646,267,916.59
10/18/2025,CAMP-META-02,US_Retargeting_MOFU,SET-M02,Cart_Abandoners,AD-M102,Static_Discount_10Off,$218.45,12078,366,969.19
10/18/2025,CAMP-META-03,EU_Brand_Awareness,SET-M03,EU_Outdoor_Interest,AD-M103,Carousel_Gear_Collection,$215.80,12221,307,793.81
10/19/2025,CAMP-META-01,US_Prospecting_Broad,SET-M01,Lookalike_1%,AD-M101,Video_AlpineShell_15s,$180.89,12224,442,702.75
10/19/2025,CAMP-META-02,US_Retargeting_MOFU,SET-M02,Cart_Abandoners,AD-M102,Static_Discount_10Off,$271.98,17340,460,1258.34
10/19/2025,CAMP-META-03,EU_Brand_Awareness,SET-M03,EU_Outdoor_Interest,AD-M103,Carousel_Gear_Collection,$232.34,14088,447,1053.65
10/20/2025,CAMP-META-01,US_Prospecting_Broad,SET-M01,Lookalike_1%,AD-M101,Video_AlpineShell_15s,$142.85,7525,283,635.03
10/20/2025,CAMP-META-02,US_Retargeting_MOFU,SET-M02,Cart_Abandoners,AD-M102,Static_Discount_10Off,$139.95,8042,201,509.4
10/20/2025,CAMP-META-03,EU_Brand_Awareness,SET-M03,EU_Outdoor_Interest,AD-M103,Carousel_Gear_Collection,$145.77,8935,323,662.57
10/21/2025,CAMP-META-01,US_Prospecting_Broad,SET-M01,Lookalike_1%,AD-M101,Video_AlpineShell_15s,$194.27,12045,347,793.08
10/21/2025,CAMP-META-02,US_Retargeting_MOFU,SET-M02,Cart_Abandoners,AD-M102,Static_Discount_10Off,$218.76,15405,556,952.1
10/21/2025,CAMP-META-03,EU_Brand_Awareness,SET-M03,EU_Outdoor_Interest,AD-M103,Carousel_Gear_Collection,$163.86,9296,286,775.95
10/22/2025,CAMP-META-01,US_Prospecting_Broad,SET-M01,Lookalike_1%,AD-M101,Video_AlpineShell_15s,$210.07,13040,363,918.02
10/22/2025,CAMP-META-02,US_Retargeting_MOFU,SET-M02,Cart_Abandoners,AD-M102,Static_Discount_10Off,$211.24,14032,459,933.9
10/22/2025,CAMP-META-03,EU_Brand_Awareness,SET-M03,EU_Outdoor_Interest,AD-M103,Carousel_Gear_Collection,$193.31,13188,448,924.36
10/23/2025,CAMP-META-01,US_Prospecting_Broad,SET-M01,Lookalike_1%,AD-M101,Video_AlpineShell_15s,$137.97,9084,341,529.15
10/23/2025,CAMP-META-02,US_Retargeting_MOFU,SET-M02,Cart_Abandoners,AD-M102,Static_Discount_10Off,$205.44,12480,342,972.14
10/23/2025,CAMP-META-03,EU_Brand_Awareness,SET-M03,EU_Outdoor_Interest,AD-M103,Carousel_Gear_Collection,$164.53,9926,288,719.13
10/24/2025,CAMP-META-01,US_Prospecting_Broad,SET-M01,Lookalike_1%,AD-M101,Video_AlpineShell_15s,$136.35,8545,321,536.62
10/24/2025,CAMP-META-02,US_Retargeting_MOFU,SET-M02,Cart_Abandoners,AD-M102,Static_Discount_10Off,$185.67,11882,413,700.0
10/24/2025,CAMP-META-03,EU_Brand_Awareness,SET-M03,EU_Outdoor_Interest,AD-M103,Carousel_Gear_Collection,$216.98,13337,364,801.86
10/25/2025,CAMP-META-01,US_Prospecting_Broad,SET-M01,Lookalike_1%,AD-M101,Video_AlpineShell_15s,$171.22,10315,296,800.89
10/25/2025,CAMP-META-02,US_Retargeting_MOFU,SET-M02,Cart_Abandoners,AD-M102,Static_Discount_10Off,$203.86,13373,436,921.2
10/25/2025,CAMP-META-03,EU_Brand_Awareness,SET-M03,EU_Outdoor_Interest,AD-M103,Carousel_Gear_Collection,$170.88,11516,282,778.76
10/26/2025,CAMP-META-01,US_Prospecting_Broad,SET-M01,Lookalike_1%,AD-M101,Video_AlpineShell_15s,$232.98,14229,509,1082.74
10/26/2025,CAMP-META-02,US_Retargeting_MOFU,SET-M02,Cart_Abandoners,AD-M102,Static_Discount_10Off,$223.17,12167,327,835.88
10/26/2025,CAMP-META-03,EU_Brand_Awareness,SET-M03,EU_Outdoor_Interest,AD-M103,Carousel_Gear_Collection,$183.72,12860,404,885.09
10/27/2025,CAMP-META-01,US_Prospecting_Broad,SET-M01,Lookalike_1%,AD-M101,Video_AlpineShell_15s,$123.93,8482,257,596.6
10/27/2025,CAMP-META-02,US_Retargeting_MOFU,SET-M02,Cart_Abandoners,AD-M102,Static_Discount_10Off,$151.62,9168,225,575.07
10/27/2025,CAMP-META-03,EU_Brand_Awareness,SET-M03,EU_Outdoor_Interest,AD-M103,Carousel_Gear_Collection,$218.66,11615,279,1057.74
10/28/2025,CAMP-META-01,US_Prospecting_Broad,SET-M01,Lookalike_1%,AD-M101,Video_AlpineShell_15s,$183.91,10028,304,785.35
10/28/2025,CAMP-META-02,US_Retargeting_MOFU,SET-M02,Cart_Abandoners,AD-M102,Static_Discount_10Off,$168.88,9742,252,614.55
10/28/2025,CAMP-META-03,EU_Brand_Awareness,SET-M03,EU_Outdoor_Interest,AD-M103,Carousel_Gear_Collection,$150.79,8605,230,674.85
10/29/2025,CAMP-META-01,US_Prospecting_Broad,SET-M01,Lookalike_1%,AD-M101,Video_AlpineShell_15s,$216.99,14996,501,906.34
10/29/2025,CAMP-META-02,US_Retargeting_MOFU,SET-M02,Cart_Abandoners,AD-M102,Static_Discount_10Off,$206.81,13893,468,969.85
10/29/2025,CAMP-META-03,EU_Brand_Awareness,SET-M03,EU_Outdoor_Interest,AD-M103,Carousel_Gear_Collection,$214.46,12313,381,944.31
10/30/2025,CAMP-META-01,US_Prospecting_Broad,SET-M01,Lookalike_1%,AD-M101,Video_AlpineShell_15s,$206.89,12276,299,995.19
10/30/2025,CAMP-META-02,US_Retargeting_MOFU,SET-M02,Cart_Abandoners,AD-M102,Static_Discount_10Off,$188.95,10870,293,842.07
10/30/2025,CAMP-META-03,EU_Brand_Awareness,SET-M03,EU_Outdoor_Interest,AD-M103,Carousel_Gear_Collection,$159.39,9236,235,710.11
10/31/2025,CAMP-META-01,US_Prospecting_Broad,SET-M01,Lookalike_1%,AD-M101,Video_AlpineShell_15s,$219.94,15444,581,908.13
10/31/2025,CAMP-META-02,US_Retargeting_MOFU,SET-M02,Cart_Abandoners,AD-M102,Static_Discount_10Off,$207.08,11561,369,944.28
10/31/2025,CAMP-META-03,EU_Brand_Awareness,SET-M03,EU_Outdoor_Interest,AD-M103,Carousel_Gear_Collection,$207.85,12973,370,928.65
11/01/2025,CAMP-META-01,US_Prospecting_Broad,SET-M01,Lookalike_1%,AD-M101,Video_AlpineShell_15s,$250.98,14090,495,1045.65
11/01/2025,CAMP-META-02,US_Retargeting_MOFU,SET-M02,Cart_Abandoners,AD-M102,Static_Discount_10Off,$252.23,17274,546,909.92
11/01/2025,CAMP-META-03,EU_Brand_Awareness,SET-M03,EU_Outdoor_Interest,AD-M103,Carousel_Gear_Collection,$190.57,12036,355,858.35
11/02/2025,CAMP-META-01,US_Prospecting_Broad,SET-M01,Lookalike_1%,AD-M101,Video_AlpineShell_15s,$198.57,12224,334,811.2
11/02/2025,CAMP-META-02,US_Retargeting_MOFU,SET-M02,Cart_Abandoners,AD-M102,Static_Discount_10Off,$178.41,12418,402,797.26
11/02/2025,CAMP-META-03,EU_Brand_Awareness,SET-M03,EU_Outdoor_Interest,AD-M103,Carousel_Gear_Collection,$227.44,13938,408,1074.05
11/03/2025,CAMP-META-01,US_Prospecting_Broad,SET-M01,Lookalike_1%,AD-M101,Video_AlpineShell_15s,$171.91,10484,255,695.14
11/03/2025,CAMP-META-02,US_Retargeting_MOFU,SET-M02,Cart_Abandoners,AD-M102,Static_Discount_10Off,$158.02,9879,317,678.49
11/03/2025,CAMP-META-03,EU_Brand_Awareness,SET-M03,EU_Outdoor_Interest,AD-M103,Carousel_Gear_Collection,$180.79,10142,358,819.62
11/04/2025,CAMP-META-01,US_Prospecting_Broad,SET-M01,Lookalike_1%,AD-M101,Video_AlpineShell_15s,$215.55,15296,409,778.1
11/04/2025,CAMP-META-02,US_Retargeting_MOFU,SET-M02,Cart_Abandoners,AD-M102,Static_Discount_10Off,$184.75,9991,273,887.75
11/04/2025,CAMP-META-03,EU_Brand_Awareness,SET-M03,EU_Outdoor_Interest,AD-M103,Carousel_Gear_Collection,$126.03,6749,195,470.32
11/05/2025,CAMP-META-01,US_Prospecting_Broad,SET-M01,Lookalike_1%,AD-M101,Video_AlpineShell_15s,$168.59,11030,308,674.27
11/05/2025,CAMP-META-02,US_Retargeting_MOFU,SET-M02,Cart_Abandoners,AD-M102,Static_Discount_10Off,$200.30,11997,340,880.0
11/05/2025,CAMP-META-03,EU_Brand_Awareness,SET-M03,EU_Outdoor_Interest,AD-M103,Carousel_Gear_Collection,$191.62,12472,371,720.19
11/06/2025,CAMP-META-01,US_Prospecting_Broad,SET-M01,Lookalike_1%,AD-M101,Video_AlpineShell_15s,$138.11,7934,210,591.49
11/06/2025,CAMP-META-02,US_Retargeting_MOFU,SET-M02,Cart_Abandoners,AD-M102,Static_Discount_10Off,$190.90,13134,419,750.91
11/06/2025,CAMP-META-03,EU_Brand_Awareness,SET-M03,EU_Outdoor_Interest,AD-M103,Carousel_Gear_Collection,$216.29,13174,464,933.36
11/07/2025,CAMP-META-01,US_Prospecting_Broad,SET-M01,Lookalike_1%,AD-M101,Video_AlpineShell_15s,$124.34,7243,270,544.87
11/07/2025,CAMP-META-02,US_Retargeting_MOFU,SET-M02,Cart_Abandoners,AD-M102,Static_Discount_10Off,$201.92,10961,298,782.57
11/07/2025,CAMP-META-03,EU_Brand_Awareness,SET-M03,EU_Outdoor_Interest,AD-M103,Carousel_Gear_Collection,$181.10,11279,403,863.85
11/08/2025,CAMP-META-01,US_Prospecting_Broad,SET-M01,Lookalike_1%,AD-M101,Video_AlpineShell_15s,$194.18,12788,446,768.42
11/08/2025,CAMP-META-02,US_Retargeting_MOFU,SET-M02,Cart_Abandoners,AD-M102,Static_Discount_10Off,$252.83,15685,523,941.59
11/08/2025,CAMP-META-03,EU_Brand_Awareness,SET-M03,EU_Outdoor_Interest,AD-M103,Carousel_Gear_Collection,$227.98,14021,451,870.52
11/09/2025,CAMP-META-01,US_Prospecting_Broad,SET-M01,Lookalike_1%,AD-M101,Video_AlpineShell_15s,$242.11,13219,357,901.72
11/09/2025,CAMP-META-02,US_Retargeting_MOFU,SET-M02,Cart_Abandoners,AD-M102,Static_Discount_10Off,$152.95,8887,288,659.32
11/09/2025,CAMP-META-03,EU_Brand_Awareness,SET-M03,EU_Outdoor_Interest,AD-M103,Carousel_Gear_Collection,$178.99,11218,362,759.96
11/10/2025,CAMP-META-01,US_Prospecting_Broad,SET-M01,Lookalike_1%,AD-M101,Video_AlpineShell_15s,$218.78,14901,502,902.6
11/10/2025,CAMP-META-02,US_Retargeting_MOFU,SET-M02,Cart_Abandoners,AD-M102,Static_Discount_10Off,$162.82,9257,311,795.97
11/10/2025,CAMP-META-03,EU_Brand_Awareness,SET-M03,EU_Outdoor_Interest,AD-M103,Carousel_Gear_Collection,$132.84,9148,312,578.11
11/11/2025,CAMP-META-01,US_Prospecting_Broad,SET-M01,Lookalike_1%,AD-M101,Video_AlpineShell_15s,$147.42,10239,258,702.08
11/11/2025,CAMP-META-02,US_Retargeting_MOFU,SET-M02,Cart_Abandoners,AD-M102,Static_Discount_10Off,$139.19,8912,242,565.32
11/11/2025,CAMP-META-03,EU_Brand_Awareness,SET-M03,EU_Outdoor_Interest,AD-M103,Carousel_Gear_Collection,$126.94,7649,190,589.06
11/12/2025,CAMP-META-01,US_Prospecting_Broad,SET-M01,Lookalike_1%,AD-M101,Video_AlpineShell_15s,$143.37,8584,311,637.44
11/12/2025,CAMP-META-02,US_Retargeting_MOFU,SET-M02,Cart_Abandoners,AD-M102,Static_Discount_10Off,$173.30,11093,317,774.71
11/12/2025,CAMP-META-03,EU_Brand_Awareness,SET-M03,EU_Outdoor_Interest,AD-M103,Carousel_Gear_Collection,$219.41,12675,403,998.28
11/13/2025,CAMP-META-01,US_Prospecting_Broad,SET-M01,Lookalike_1%,AD-M101,Video_AlpineShell_15s,$166.52,11644,371,806.77
11/13/2025,CAMP-META-02,US_Retargeting_MOFU,SET-M02,Cart_Abandoners,AD-M102,Static_Discount_10Off,$137.53,7881,211,590.91
11/13/2025,CAMP-META-03,EU_Brand_Awareness,SET-M03,EU_Outdoor_Interest,AD-M103,Carousel_Gear_Collection,$129.67,7978,275,525.4
11/14/2025,CAMP-META-01,US_Prospecting_Broad,SET-M01,Lookalike_1%,AD-M101,Video_AlpineShell_15s,$186.49,10373,383,728.25
11/14/2025,CAMP-META-02,US_Retargeting_MOFU,SET-M02,Cart_Abandoners,AD-M102,Static_Discount_10Off,$159.93,10833,410,768.48
11/14/2025,CAMP-META-03,EU_Brand_Awareness,SET-M03,EU_Outdoor_Interest,AD-M103,Carousel_Gear_Collection,$174.00,9555,299,767.46
11/15/2025,CAMP-META-01,US_Prospecting_Broad,SET-M01,Lookalike_1%,AD-M101,Video_AlpineShell_15s,$161.14,9064,233,753.15
11/15/2025,CAMP-META-02,US_Retargeting_MOFU,SET-M02,Cart_Abandoners,AD-M102,Static_Discount_10Off,$247.75,14121,346,989.53
11/15/2025,CAMP-META-03,EU_Brand_Awareness,SET-M03,EU_Outdoor_Interest,AD-M103,Carousel_Gear_Collection,$182.89,11574,291,881.17
11/16/2025,CAMP-META-01,US_Prospecting_Broad,SET-M01,Lookalike_1%,AD-M101,Video_AlpineShell_15s,$219.23,14118,417,916.68
11/16/2025,CAMP-META-02,US_Retargeting_MOFU,SET-M02,Cart_Abandoners,AD-M102,Static_Discount_10Off,$225.07,13576,500,955.66
11/16/2025,CAMP-META-03,EU_Brand_Awareness,SET-M03,EU_Outdoor_Interest,AD-M103,Carousel_Gear_Collection,$274.02,15008,404,1317.97
11/17/2025,CAMP-META-01,US_Prospecting_Broad,SET-M01,Lookalike_1%,AD-M101,Video_AlpineShell_15s,$131.64,7278,213,624.15
11/17/2025,CAMP-META-02,US_Retargeting_MOFU,SET-M02,Cart_Abandoners,AD-M102,Static_Discount_10Off,$206.81,11470,402,826.43
11/17/2025,CAMP-META-03,EU_Brand_Awareness,SET-M03,EU_Outdoor_Interest,AD-M103,Carousel_Gear_Collection,$128.09,7998,211,576.85
11/18/2025,CAMP-META-01,US_Prospecting_Broad,SET-M01,Lookalike_1%,AD-M101,Video_AlpineShell_15s,$154.61,8189,270,721.91
11/18/2025,CAMP-META-02,US_Retargeting_MOFU,SET-M02,Cart_Abandoners,AD-M102,Static_Discount_10Off,$133.25,7277,268,564.07
11/18/2025,CAMP-META-03,EU_Brand_Awareness,SET-M03,EU_Outdoor_Interest,AD-M103,Carousel_Gear_Collection,$180.63,10134,268,768.28
11/19/2025,CAMP-META-01,US_Prospecting_Broad,SET-M01,Lookalike_1%,AD-M101,Video_AlpineShell_15s,$159.87,10851,316,589.7
11/19/2025,CAMP-META-02,US_Retargeting_MOFU,SET-M02,Cart_Abandoners,AD-M102,Static_Discount_10Off,$122.58,8352,313,528.86
11/19/2025,CAMP-META-03,EU_Brand_Awareness,SET-M03,EU_Outdoor_Interest,AD-M103,Carousel_Gear_Collection,$216.58,13400,380,922.19
11/20/2025,CAMP-META-01,US_Prospecting_Broad,SET-M01,Lookalike_1%,AD-M101,Video_AlpineShell_15s,$163.95,11284,372,636.27
11/20/2025,CAMP-META-02,US_Retargeting_MOFU,SET-M02,Cart_Abandoners,AD-M102,Static_Discount_10Off,$181.96,10547,275,669.57
11/20/2025,CAMP-META-03,EU_Brand_Awareness,SET-M03,EU_Outdoor_Interest,AD-M103,Carousel_Gear_Collection,$198.08,12152,301,969.27
11/21/2025,CAMP-META-01,US_Prospecting_Broad,SET-M01,Lookalike_1%,AD-M101,Video_AlpineShell_15s,$125.78,7197,271,491.92
11/21/2025,CAMP-META-02,US_Retargeting_MOFU,SET-M02,Cart_Abandoners,AD-M102,Static_Discount_10Off,$134.22,9188,259,500.82
11/21/2025,CAMP-META-03,EU_Brand_Awareness,SET-M03,EU_Outdoor_Interest,AD-M103,Carousel_Gear_Collection,$189.22,13221,411,926.37
11/22/2025,CAMP-META-01,US_Prospecting_Broad,SET-M01,Lookalike_1%,AD-M101,Video_AlpineShell_15s,$251.75,14742,417,1110.49
11/22/2025,CAMP-META-02,US_Retargeting_MOFU,SET-M02,Cart_Abandoners,AD-M102,Static_Discount_10Off,$215.88,13383,345,1025.99
11/22/2025,CAMP-META-03,EU_Brand_Awareness,SET-M03,EU_Outdoor_Interest,AD-M103,Carousel_Gear_Collection,$206.22,13772,401,853.41
11/23/2025,CAMP-META-01,US_Prospecting_Broad,SET-M01,Lookalike_1%,AD-M101,Video_AlpineShell_15s,$253.44,14344,498,916.02
11/23/2025,CAMP-META-02,US_Retargeting_MOFU,SET-M02,Cart_Abandoners,AD-M102,Static_Discount_10Off,$202.02,12313,298,795.51
11/23/2025,CAMP-META-03,EU_Brand_Awareness,SET-M03,EU_Outdoor_Interest,AD-M103,Carousel_Gear_Collection,$245.04,16685,525,950.7
11/24/2025,CAMP-META-01,US_Prospecting_Broad,SET-M01,Lookalike_1%,AD-M101,Video_AlpineShell_15s,$121.21,7971,300,562.66
11/24/2025,CAMP-META-02,US_Retargeting_MOFU,SET-M02,Cart_Abandoners,AD-M102,Static_Discount_10Off,$215.96,13136,335,931.29
11/24/2025,CAMP-META-03,EU_Brand_Awareness,SET-M03,EU_Outdoor_Interest,AD-M103,Carousel_Gear_Collection,$165.44,9079,230,700.59
11/25/2025,CAMP-META-01,US_Prospecting_Broad,SET-M01,Lookalike_1%,AD-M101,Video_AlpineShell_15s,$135.00,8640,296,569.54
11/25/2025,CAMP-META-02,US_Retargeting_MOFU,SET-M02,Cart_Abandoners,AD-M102,Static_Discount_10Off,$157.59,9866,300,728.15
11/25/2025,CAMP-META-03,EU_Brand_Awareness,SET-M03,EU_Outdoor_Interest,AD-M103,Carousel_Gear_Collection,$209.21,11142,390,838.94
11/26/2025,CAMP-META-01,US_Prospecting_Broad,SET-M01,Lookalike_1%,AD-M101,Video_AlpineShell_15s,$188.81,11663,321,886.11
11/26/2025,CAMP-META-02,US_Retargeting_MOFU,SET-M02,Cart_Abandoners,AD-M102,Static_Discount_10Off,$123.84,6690,203,548.41
11/26/2025,CAMP-META-03,EU_Brand_Awareness,SET-M03,EU_Outdoor_Interest,AD-M103,Carousel_Gear_Collection,$185.94,10064,331,817.79
11/27/2025,CAMP-META-01,US_Prospecting_Broad,SET-M01,Lookalike_1%,AD-M101,Video_AlpineShell_15s,$126.67,7634,199,577.45
11/27/2025,CAMP-META-02,US_Retargeting_MOFU,SET-M02,Cart_Abandoners,AD-M102,Static_Discount_10Off,$171.22,9839,241,635.27
11/27/2025,CAMP-META-03,EU_Brand_Awareness,SET-M03,EU_Outdoor_Interest,AD-M103,Carousel_Gear_Collection,$191.63,13344,333,692.88
11/28/2025,CAMP-META-01,US_Prospecting_Broad,SET-M01,Lookalike_1%,AD-M101,Video_AlpineShell_15s,$215.65,12192,352,859.47
11/28/2025,CAMP-META-02,US_Retargeting_MOFU,SET-M02,Cart_Abandoners,AD-M102,Static_Discount_10Off,$154.97,8670,288,595.2
11/28/2025,CAMP-META-03,EU_Brand_Awareness,SET-M03,EU_Outdoor_Interest,AD-M103,Carousel_Gear_Collection,$137.41,9481,315,631.22
11/29/2025,CAMP-META-01,US_Prospecting_Broad,SET-M01,Lookalike_1%,AD-M101,Video_AlpineShell_15s,$183.13,12983,326,889.69
11/29/2025,CAMP-META-02,US_Retargeting_MOFU,SET-M02,Cart_Abandoners,AD-M102,Static_Discount_10Off,$186.93,10474,342,765.76
11/29/2025,CAMP-META-03,EU_Brand_Awareness,SET-M03,EU_Outdoor_Interest,AD-M103,Carousel_Gear_Collection,$175.71,12029,392,809.5
11/30/2025,CAMP-META-01,US_Prospecting_Broad,SET-M01,Lookalike_1%,AD-M101,Video_AlpineShell_15s,$230.49,13841,340,1119.96
11/30/2025,CAMP-META-02,US_Retargeting_MOFU,SET-M02,Cart_Abandoners,AD-M102,Static_Discount_10Off,$249.84,16156,609,1094.91
11/30/2025,CAMP-META-03,EU_Brand_Awareness,SET-M03,EU_Outdoor_Interest,AD-M103,Carousel_Gear_Collection,$222.80,12558,444,992.22
12/01/2025,CAMP-META-01,US_Prospecting_Broad,SET-M01,Lookalike_1%,AD-M101,Video_AlpineShell_15s,$132.81,8463,313,516.9
12/01/2025,CAMP-META-02,US_Retargeting_MOFU,SET-M02,Cart_Abandoners,AD-M102,Static_Discount_10Off,$157.22,9728,293,691.27
12/01/2025,CAMP-META-03,EU_Brand_Awareness,SET-M03,EU_Outdoor_Interest,AD-M103,Carousel_Gear_Collection,$214.31,14096,362,826.53
12/02/2025,CAMP-META-01,US_Prospecting_Broad,SET-M01,Lookalike_1%,AD-M101,Video_AlpineShell_15s,$208.69,12112,339,972.65
12/02/2025,CAMP-META-02,US_Retargeting_MOFU,SET-M02,Cart_Abandoners,AD-M102,Static_Discount_10Off,$206.14,11306,416,809.7
12/02/2025,CAMP-META-03,EU_Brand_Awareness,SET-M03,EU_Outdoor_Interest,AD-M103,Carousel_Gear_Collection,$195.50,11991,429,888.95
12/03/2025,CAMP-META-01,US_Prospecting_Broad,SET-M01,Lookalike_1%,AD-M101,Video_AlpineShell_15s,$197.64,11436,302,851.54
12/03/2025,CAMP-META-02,US_Retargeting_MOFU,SET-M02,Cart_Abandoners,AD-M102,Static_Discount_10Off,$218.47,11691,287,833.3
12/03/2025,CAMP-META-03,EU_Brand_Awareness,SET-M03,EU_Outdoor_Interest,AD-M103,Carousel_Gear_Collection,$133.17,7553,267,516.38
12/04/2025,CAMP-META-01,US_Prospecting_Broad,SET-M01,Lookalike_1%,AD-M101,Video_AlpineShell_15s,$170.59,9371,321,734.37
12/04/2025,CAMP-META-02,US_Retargeting_MOFU,SET-M02,Cart_Abandoners,AD-M102,Static_Discount_10Off,$179.03,10822,304,776.01
12/04/2025,CAMP-META-03,EU_Brand_Awareness,SET-M03,EU_Outdoor_Interest,AD-M103,Carousel_Gear_Collection,$188.89,10284,338,866.9
12/05/2025,CAMP-META-01,US_Prospecting_Broad,SET-M01,Lookalike_1%,AD-M101,Video_AlpineShell_15s,$136.01,8340,201,533.25
12/05/2025,CAMP-META-02,US_Retargeting_MOFU,SET-M02,Cart_Abandoners,AD-M102,Static_Discount_10Off,$192.65,10161,257,794.09
12/05/2025,CAMP-META-03,EU_Brand_Awareness,SET-M03,EU_Outdoor_Interest,AD-M103,Carousel_Gear_Collection,$200.01,13316,423,910.64
12/06/2025,CAMP-META-01,US_Prospecting_Broad,SET-M01,Lookalike_1%,AD-M101,Video_AlpineShell_15s,$227.00,15193,440,1048.5
12/06/2025,CAMP-META-02,US_Retargeting_MOFU,SET-M02,Cart_Abandoners,AD-M102,Static_Discount_10Off,$219.28,15633,541,799.47
12/06/2025,CAMP-META-03,EU_Brand_Awareness,SET-M03,EU_Outdoor_Interest,AD-M103,Carousel_Gear_Collection,$243.22,16201,606,991.93
12/07/2025,CAMP-META-01,US_Prospecting_Broad,SET-M01,Lookalike_1%,AD-M101,Video_AlpineShell_15s,$190.87,12945,366,904.66
12/07/2025,CAMP-META-02,US_Retargeting_MOFU,SET-M02,Cart_Abandoners,AD-M102,Static_Discount_10Off,$274.54,17330,524,1246.05
12/07/2025,CAMP-META-03,EU_Brand_Awareness,SET-M03,EU_Outdoor_Interest,AD-M103,Carousel_Gear_Collection,$260.77,15370,453,1078.65
12/08/2025,CAMP-META-01,US_Prospecting_Broad,SET-M01,Lookalike_1%,AD-M101,Video_AlpineShell_15s,$189.56,13524,441,770.02
12/08/2025,CAMP-META-02,US_Retargeting_MOFU,SET-M02,Cart_Abandoners,AD-M102,Static_Discount_10Off,$199.42,13786,444,842.6
12/08/2025,CAMP-META-03,EU_Brand_Awareness,SET-M03,EU_Outdoor_Interest,AD-M103,Carousel_Gear_Collection,$184.23,12861,413,797.7
12/09/2025,CAMP-META-01,US_Prospecting_Broad,SET-M01,Lookalike_1%,AD-M101,Video_AlpineShell_15s,$176.07,10346,346,818.11
12/09/2025,CAMP-META-02,US_Retargeting_MOFU,SET-M02,Cart_Abandoners,AD-M102,Static_Discount_10Off,$146.98,8109,251,543.85
12/09/2025,CAMP-META-03,EU_Brand_Awareness,SET-M03,EU_Outdoor_Interest,AD-M103,Carousel_Gear_Collection,$125.86,8031,280,568.89
12/10/2025,CAMP-META-01,US_Prospecting_Broad,SET-M01,Lookalike_1%,AD-M101,Video_AlpineShell_15s,$198.86,11989,361,754.02
12/10/2025,CAMP-META-02,US_Retargeting_MOFU,SET-M02,Cart_Abandoners,AD-M102,Static_Discount_10Off,$152.82,9450,238,593.98
12/10/2025,CAMP-META-03,EU_Brand_Awareness,SET-M03,EU_Outdoor_Interest,AD-M103,Carousel_Gear_Collection,$179.82,10171,386,865.48
12/11/2025,CAMP-META-01,US_Prospecting_Broad,SET-M01,Lookalike_1%,AD-M101,Video_AlpineShell_15s,$184.26,11440,376,851.53
12/11/2025,CAMP-META-02,US_Retargeting_MOFU,SET-M02,Cart_Abandoners,AD-M102,Static_Discount_10Off,$131.83,8213,293,540.37
12/11/2025,CAMP-META-03,EU_Brand_Awareness,SET-M03,EU_Outdoor_Interest,AD-M103,Carousel_Gear_Collection,$177.19,10460,278,721.32
12/12/2025,CAMP-META-01,US_Prospecting_Broad,SET-M01,Lookalike_1%,AD-M101,Video_AlpineShell_15s,$153.45,10859,264,718.33
12/12/2025,CAMP-META-02,US_Retargeting_MOFU,SET-M02,Cart_Abandoners,AD-M102,Static_Discount_10Off,$147.31,8879,250,710.46
12/12/2025,CAMP-META-03,EU_Brand_Awareness,SET-M03,EU_Outdoor_Interest,AD-M103,Carousel_Gear_Collection,$145.93,9036,327,685.07
12/13/2025,CAMP-META-01,US_Prospecting_Broad,SET-M01,Lookalike_1%,AD-M101,Video_AlpineShell_15s,$173.26,9618,292,732.52
12/13/2025,CAMP-META-02,US_Retargeting_MOFU,SET-M02,Cart_Abandoners,AD-M102,Static_Discount_10Off,$166.68,11572,395,707.62
12/13/2025,CAMP-META-03,EU_Brand_Awareness,SET-M03,EU_Outdoor_Interest,AD-M103,Carousel_Gear_Collection,$204.61,11594,402,778.86
12/14/2025,CAMP-META-01,US_Prospecting_Broad,SET-M01,Lookalike_1%,AD-M101,Video_AlpineShell_15s,$226.28,15417,532,1007.86
12/14/2025,CAMP-META-02,US_Retargeting_MOFU,SET-M02,Cart_Abandoners,AD-M102,Static_Discount_10Off,$269.58,18792,466,1069.38
12/14/2025,CAMP-META-03,EU_Brand_Awareness,SET-M03,EU_Outdoor_Interest,AD-M103,Carousel_Gear_Collection,$182.71,11992,439,717.03
12/15/2025,CAMP-META-01,US_Prospecting_Broad,SET-M01,Lookalike_1%,AD-M101,Video_AlpineShell_15s,$147.19,8270,250,678.51
12/15/2025,CAMP-META-02,US_Retargeting_MOFU,SET-M02,Cart_Abandoners,AD-M102,Static_Discount_10Off,$126.54,7698,188,465.85
12/15/2025,CAMP-META-03,EU_Brand_Awareness,SET-M03,EU_Outdoor_Interest,AD-M103,Carousel_Gear_Collection,$210.64,14332,450,870.88
12/16/2025,CAMP-META-01,US_Prospecting_Broad,SET-M01,Lookalike_1%,AD-M101,Video_AlpineShell_15s,$154.73,8364,203,690.55
12/16/2025,CAMP-META-02,US_Retargeting_MOFU,SET-M02,Cart_Abandoners,AD-M102,Static_Discount_10Off,$216.34,12876,477,793.52
12/16/2025,CAMP-META-03,EU_Brand_Awareness,SET-M03,EU_Outdoor_Interest,AD-M103,Carousel_Gear_Collection,$161.88,10579,362,789.28
12/17/2025,CAMP-META-01,US_Prospecting_Broad,SET-M01,Lookalike_1%,AD-M101,Video_AlpineShell_15s,$145.65,8433,225,631.38
12/17/2025,CAMP-META-02,US_Retargeting_MOFU,SET-M02,Cart_Abandoners,AD-M102,Static_Discount_10Off,$166.39,8822,286,674.6
12/17/2025,CAMP-META-03,EU_Brand_Awareness,SET-M03,EU_Outdoor_Interest,AD-M103,Carousel_Gear_Collection,$131.41,8905,241,515.95
12/18/2025,CAMP-META-01,US_Prospecting_Broad,SET-M01,Lookalike_1%,AD-M101,Video_AlpineShell_15s,$205.06,12201,382,768.81
12/18/2025,CAMP-META-02,US_Retargeting_MOFU,SET-M02,Cart_Abandoners,AD-M102,Static_Discount_10Off,$206.01,11695,291,931.2
12/18/2025,CAMP-META-03,EU_Brand_Awareness,SET-M03,EU_Outdoor_Interest,AD-M103,Carousel_Gear_Collection,$174.35,12100,368,737.52
12/19/2025,CAMP-META-01,US_Prospecting_Broad,SET-M01,Lookalike_1%,AD-M101,Video_AlpineShell_15s,$136.58,7292,261,610.48
12/19/2025,CAMP-META-02,US_Retargeting_MOFU,SET-M02,Cart_Abandoners,AD-M102,Static_Discount_10Off,$166.23,10351,342,716.3
12/19/2025,CAMP-META-03,EU_Brand_Awareness,SET-M03,EU_Outdoor_Interest,AD-M103,Carousel_Gear_Collection,$126.23,7621,268,529.79
12/20/2025,CAMP-META-01,US_Prospecting_Broad,SET-M01,Lookalike_1%,AD-M101,Video_AlpineShell_15s,$156.49,8727,234,615.98
12/20/2025,CAMP-META-02,US_Retargeting_MOFU,SET-M02,Cart_Abandoners,AD-M102,Static_Discount_10Off,$170.59,10899,377,729.31
12/20/2025,CAMP-META-03,EU_Brand_Awareness,SET-M03,EU_Outdoor_Interest,AD-M103,Carousel_Gear_Collection,$175.61,9549,346,830.94
12/21/2025,CAMP-META-01,US_Prospecting_Broad,SET-M01,Lookalike_1%,AD-M101,Video_AlpineShell_15s,$179.85,11063,418,827.96
12/21/2025,CAMP-META-02,US_Retargeting_MOFU,SET-M02,Cart_Abandoners,AD-M102,Static_Discount_10Off,$153.40,10707,326,733.56
12/21/2025,CAMP-META-03,EU_Brand_Awareness,SET-M03,EU_Outdoor_Interest,AD-M103,Carousel_Gear_Collection,$217.34,13180,335,967.99
12/22/2025,CAMP-META-01,US_Prospecting_Broad,SET-M01,Lookalike_1%,AD-M101,Video_AlpineShell_15s,$202.21,12715,443,981.49
12/22/2025,CAMP-META-02,US_Retargeting_MOFU,SET-M02,Cart_Abandoners,AD-M102,Static_Discount_10Off,$140.38,8448,236,650.06
12/22/2025,CAMP-META-03,EU_Brand_Awareness,SET-M03,EU_Outdoor_Interest,AD-M103,Carousel_Gear_Collection,$177.76,10351,364,731.44
12/23/2025,CAMP-META-01,US_Prospecting_Broad,SET-M01,Lookalike_1%,AD-M101,Video_AlpineShell_15s,$211.51,12691,332,952.78
12/23/2025,CAMP-META-02,US_Retargeting_MOFU,SET-M02,Cart_Abandoners,AD-M102,Static_Discount_10Off,$199.33,12790,460,952.4
12/23/2025,CAMP-META-03,EU_Brand_Awareness,SET-M03,EU_Outdoor_Interest,AD-M103,Carousel_Gear_Collection,$147.69,7807,202,570.47
12/24/2025,CAMP-META-01,US_Prospecting_Broad,SET-M01,Lookalike_1%,AD-M101,Video_AlpineShell_15s,$138.42,7494,248,525.68
12/24/2025,CAMP-META-02,US_Retargeting_MOFU,SET-M02,Cart_Abandoners,AD-M102,Static_Discount_10Off,$164.03,9605,241,778.67
12/24/2025,CAMP-META-03,EU_Brand_Awareness,SET-M03,EU_Outdoor_Interest,AD-M103,Carousel_Gear_Collection,$200.36,12123,455,830.11
12/25/2025,CAMP-META-01,US_Prospecting_Broad,SET-M01,Lookalike_1%,AD-M101,Video_AlpineShell_15s,$218.41,12596,414,833.4
12/25/2025,CAMP-META-02,US_Retargeting_MOFU,SET-M02,Cart_Abandoners,AD-M102,Static_Discount_10Off,$208.19,12901,338,752.9
12/25/2025,CAMP-META-03,EU_Brand_Awareness,SET-M03,EU_Outdoor_Interest,AD-M103,Carousel_Gear_Collection,$175.98,10577,360,837.2
12/26/2025,CAMP-META-01,US_Prospecting_Broad,SET-M01,Lookalike_1%,AD-M101,Video_AlpineShell_15s,$127.94,7245,192,603.32
12/26/2025,CAMP-META-02,US_Retargeting_MOFU,SET-M02,Cart_Abandoners,AD-M102,Static_Discount_10Off,$201.91,12087,410,809.39
12/26/2025,CAMP-META-03,EU_Brand_Awareness,SET-M03,EU_Outdoor_Interest,AD-M103,Carousel_Gear_Collection,$167.12,9228,280,679.37
12/27/2025,CAMP-META-01,US_Prospecting_Broad,SET-M01,Lookalike_1%,AD-M101,Video_AlpineShell_15s,$211.78,11673,334,810.25
12/27/2025,CAMP-META-02,US_Retargeting_MOFU,SET-M02,Cart_Abandoners,AD-M102,Static_Discount_10Off,$239.00,13182,334,934.93
12/27/2025,CAMP-META-03,EU_Brand_Awareness,SET-M03,EU_Outdoor_Interest,AD-M103,Carousel_Gear_Collection,$167.75,10657,322,767.2
12/28/2025,CAMP-META-01,US_Prospecting_Broad,SET-M01,Lookalike_1%,AD-M101,Video_AlpineShell_15s,$231.39,13527,391,1086.12
12/28/2025,CAMP-META-02,US_Retargeting_MOFU,SET-M02,Cart_Abandoners,AD-M102,Static_Discount_10Off,$208.91,11056,363,786.37
12/28/2025,CAMP-META-03,EU_Brand_Awareness,SET-M03,EU_Outdoor_Interest,AD-M103,Carousel_Gear_Collection,$234.52,15008,504,865.5
12/29/2025,CAMP-META-01,US_Prospecting_Broad,SET-M01,Lookalike_1%,AD-M101,Video_AlpineShell_15s,$137.49,7521,204,644.57
12/29/2025,CAMP-META-02,US_Retargeting_MOFU,SET-M02,Cart_Abandoners,AD-M102,Static_Discount_10Off,$147.93,8593,289,631.14
12/29/2025,CAMP-META-03,EU_Brand_Awareness,SET-M03,EU_Outdoor_Interest,AD-M103,Carousel_Gear_Collection,$150.53,9993,244,601.39
12/30/2025,CAMP-META-01,US_Prospecting_Broad,SET-M01,Lookalike_1%,AD-M101,Video_AlpineShell_15s,$185.32,9914,358,851.71
12/30/2025,CAMP-META-02,US_Retargeting_MOFU,SET-M02,Cart_Abandoners,AD-M102,Static_Discount_10Off,$198.84,11477,317,950.33
12/30/2025,CAMP-META-03,EU_Brand_Awareness,SET-M03,EU_Outdoor_Interest,AD-M103,Carousel_Gear_Collection,$187.07,11133,284,782.17
12/31/2025,CAMP-META-01,US_Prospecting_Broad,SET-M01,Lookalike_1%,AD-M101,Video_AlpineShell_15s,$166.04,9061,286,679.85
12/31/2025,CAMP-META-02,US_Retargeting_MOFU,SET-M02,Cart_Abandoners,AD-M102,Static_Discount_10Off,$217.68,14957,447,795.54
12/31/2025,CAMP-META-03,EU_Brand_Awareness,SET-M03,EU_Outdoor_Interest,AD-M103,Carousel_Gear_Collection,$193.99,10434,291,914.83
01/01/2026,CAMP-META-01,US_Prospecting_Broad,SET-M01,Lookalike_1%,AD-M101,Video_AlpineShell_15s,$437.67,14069,232,850.8
01/01/2026,CAMP-META-02,US_Retargeting_MOFU,SET-M02,Cart_Abandoners,AD-M102,Static_Discount_10Off,$355.40,11236,183,548.67
01/01/2026,CAMP-META-03,EU_Brand_Awareness,SET-M03,EU_Outdoor_Interest,AD-M103,Carousel_Gear_Collection,$598.82,24131,415,832.4
01/02/2026,CAMP-META-01,US_Prospecting_Broad,SET-M01,Lookalike_1%,AD-M101,Video_AlpineShell_15s,$561.11,20473,257,838.03
01/02/2026,CAMP-META-02,US_Retargeting_MOFU,SET-M02,Cart_Abandoners,AD-M102,Static_Discount_10Off,$353.72,13254,183,629.16
01/02/2026,CAMP-META-03,EU_Brand_Awareness,SET-M03,EU_Outdoor_Interest,AD-M103,Carousel_Gear_Collection,$439.17,17567,289,587.84
01/03/2026,CAMP-META-01,US_Prospecting_Broad,SET-M01,Lookalike_1%,AD-M101,Video_AlpineShell_15s,$776.09,25426,406,1377.23
01/03/2026,CAMP-META-02,US_Retargeting_MOFU,SET-M02,Cart_Abandoners,AD-M102,Static_Discount_10Off,$772.11,32369,403,1151.69
01/03/2026,CAMP-META-03,EU_Brand_Awareness,SET-M03,EU_Outdoor_Interest,AD-M103,Carousel_Gear_Collection,$735.47,32911,510,1541.8
01/04/2026,CAMP-META-01,US_Prospecting_Broad,SET-M01,Lookalike_1%,AD-M101,Video_AlpineShell_15s,$758.39,27867,345,1490.31
01/04/2026,CAMP-META-02,US_Retargeting_MOFU,SET-M02,Cart_Abandoners,AD-M102,Static_Discount_10Off,$662.12,28602,359,1342.58
01/04/2026,CAMP-META-03,EU_Brand_Awareness,SET-M03,EU_Outdoor_Interest,AD-M103,Carousel_Gear_Collection,$688.45,22726,392,1209.89
01/05/2026,CAMP-META-01,US_Prospecting_Broad,SET-M01,Lookalike_1%,AD-M101,Video_AlpineShell_15s,$505.23,19207,267,832.46
01/05/2026,CAMP-META-02,US_Retargeting_MOFU,SET-M02,Cart_Abandoners,AD-M102,Static_Discount_10Off,$582.16,20777,360,963.3
01/05/2026,CAMP-META-03,EU_Brand_Awareness,SET-M03,EU_Outdoor_Interest,AD-M103,Carousel_Gear_Collection,$532.13,18794,292,990.88
01/06/2026,CAMP-META-01,US_Prospecting_Broad,SET-M01,Lookalike_1%,AD-M101,Video_AlpineShell_15s,$421.23,15529,196,677.17
01/06/2026,CAMP-META-02,US_Retargeting_MOFU,SET-M02,Cart_Abandoners,AD-M102,Static_Discount_10Off,$496.30,17400,308,883.67
01/06/2026,CAMP-META-03,EU_Brand_Awareness,SET-M03,EU_Outdoor_Interest,AD-M103,Carousel_Gear_Collection,$573.08,21176,334,777.52
01/07/2026,CAMP-META-01,US_Prospecting_Broad,SET-M01,Lookalike_1%,AD-M101,Video_AlpineShell_15s,$426.32,16641,246,569.78
01/07/2026,CAMP-META-02,US_Retargeting_MOFU,SET-M02,Cart_Abandoners,AD-M102,Static_Discount_10Off,$392.01,15827,282,613.53
01/07/2026,CAMP-META-03,EU_Brand_Awareness,SET-M03,EU_Outdoor_Interest,AD-M103,Carousel_Gear_Collection,$494.61,20642,323,754.06
01/08/2026,CAMP-META-01,US_Prospecting_Broad,SET-M01,Lookalike_1%,AD-M101,Video_AlpineShell_15s,$412.10,15169,182,538.26
01/08/2026,CAMP-META-02,US_Retargeting_MOFU,SET-M02,Cart_Abandoners,AD-M102,Static_Discount_10Off,$415.72,18586,235,653.13
01/08/2026,CAMP-META-03,EU_Brand_Awareness,SET-M03,EU_Outdoor_Interest,AD-M103,Carousel_Gear_Collection,$590.78,21312,321,906.72
01/09/2026,CAMP-META-01,US_Prospecting_Broad,SET-M01,Lookalike_1%,AD-M101,Video_AlpineShell_15s,$629.53,24240,303,1129.16
01/09/2026,CAMP-META-02,US_Retargeting_MOFU,SET-M02,Cart_Abandoners,AD-M102,Static_Discount_10Off,$384.15,15092,227,768.06
01/09/2026,CAMP-META-03,EU_Brand_Awareness,SET-M03,EU_Outdoor_Interest,AD-M103,Carousel_Gear_Collection,$498.06,17161,308,699.87
01/10/2026,CAMP-META-01,US_Prospecting_Broad,SET-M01,Lookalike_1%,AD-M101,Video_AlpineShell_15s,$540.52,20832,302,880.41
01/10/2026,CAMP-META-02,US_Retargeting_MOFU,SET-M02,Cart_Abandoners,AD-M102,Static_Discount_10Off,$777.85,26693,417,1203.72
01/10/2026,CAMP-META-03,EU_Brand_Awareness,SET-M03,EU_Outdoor_Interest,AD-M103,Carousel_Gear_Collection,$746.42,23657,400,971.28
01/11/2026,CAMP-META-01,US_Prospecting_Broad,SET-M01,Lookalike_1%,AD-M101,Video_AlpineShell_15s,$676.15,30035,406,911.19
01/11/2026,CAMP-META-02,US_Retargeting_MOFU,SET-M02,Cart_Abandoners,AD-M102,Static_Discount_10Off,$663.92,23000,291,1066.97
01/11/2026,CAMP-META-03,EU_Brand_Awareness,SET-M03,EU_Outdoor_Interest,AD-M103,Carousel_Gear_Collection,$608.59,23689,301,995.14
01/12/2026,CAMP-META-01,US_Prospecting_Broad,SET-M01,Lookalike_1%,AD-M101,Video_AlpineShell_15s,$575.35,25334,316,911.25
01/12/2026,CAMP-META-02,US_Retargeting_MOFU,SET-M02,Cart_Abandoners,AD-M102,Static_Discount_10Off,$632.52,22049,354,1005.41
01/12/2026,CAMP-META-03,EU_Brand_Awareness,SET-M03,EU_Outdoor_Interest,AD-M103,Carousel_Gear_Collection,$528.10,23894,377,1072.38
01/13/2026,CAMP-META-01,US_Prospecting_Broad,SET-M01,Lookalike_1%,AD-M101,Video_AlpineShell_15s,$533.77,17365,283,745.38
01/13/2026,CAMP-META-02,US_Retargeting_MOFU,SET-M02,Cart_Abandoners,AD-M102,Static_Discount_10Off,$620.74,27388,416,877.55
01/13/2026,CAMP-META-03,EU_Brand_Awareness,SET-M03,EU_Outdoor_Interest,AD-M103,Carousel_Gear_Collection,$353.51,13482,185,597.01
01/14/2026,CAMP-META-01,US_Prospecting_Broad,SET-M01,Lookalike_1%,AD-M101,Video_AlpineShell_15s,$523.16,23316,296,913.92
01/14/2026,CAMP-META-02,US_Retargeting_MOFU,SET-M02,Cart_Abandoners,AD-M102,Static_Discount_10Off,$452.95,15463,246,895.25
01/14/2026,CAMP-META-03,EU_Brand_Awareness,SET-M03,EU_Outdoor_Interest,AD-M103,Carousel_Gear_Collection,$557.75,21207,340,847.95
01/15/2026,CAMP-META-01,US_Prospecting_Broad,SET-M01,Lookalike_1%,AD-M101,Video_AlpineShell_15s,$441.89,14783,216,856.69
01/15/2026,CAMP-META-02,US_Retargeting_MOFU,SET-M02,Cart_Abandoners,AD-M102,Static_Discount_10Off,$596.73,19516,341,981.49
01/15/2026,CAMP-META-03,EU_Brand_Awareness,SET-M03,EU_Outdoor_Interest,AD-M103,Carousel_Gear_Collection,$445.66,16018,227,793.66
01/16/2026,CAMP-META-01,US_Prospecting_Broad,SET-M01,Lookalike_1%,AD-M101,Video_AlpineShell_15s,$561.68,19446,277,805.16
01/16/2026,CAMP-META-02,US_Retargeting_MOFU,SET-M02,Cart_Abandoners,AD-M102,Static_Discount_10Off,$479.16,20454,354,755.49
01/16/2026,CAMP-META-03,EU_Brand_Awareness,SET-M03,EU_Outdoor_Interest,AD-M103,Carousel_Gear_Collection,$396.34,17809,282,717.19
01/17/2026,CAMP-META-01,US_Prospecting_Broad,SET-M01,Lookalike_1%,AD-M101,Video_AlpineShell_15s,$565.23,24881,359,875.53
01/17/2026,CAMP-META-02,US_Retargeting_MOFU,SET-M02,Cart_Abandoners,AD-M102,Static_Discount_10Off,$691.42,24642,349,1019.37
01/17/2026,CAMP-META-03,EU_Brand_Awareness,SET-M03,EU_Outdoor_Interest,AD-M103,Carousel_Gear_Collection,$808.01,30444,491,1141.27
01/18/2026,CAMP-META-01,US_Prospecting_Broad,SET-M01,Lookalike_1%,AD-M101,Video_AlpineShell_15s,$619.60,27815,418,1283.32
01/18/2026,CAMP-META-02,US_Retargeting_MOFU,SET-M02,Cart_Abandoners,AD-M102,Static_Discount_10Off,$581.58,25975,316,936.57
01/18/2026,CAMP-META-03,EU_Brand_Awareness,SET-M03,EU_Outdoor_Interest,AD-M103,Carousel_Gear_Collection,$497.51,22376,370,829.26
01/19/2026,CAMP-META-01,US_Prospecting_Broad,SET-M01,Lookalike_1%,AD-M101,Video_AlpineShell_15s,$436.77,14088,178,901.81
01/19/2026,CAMP-META-02,US_Retargeting_MOFU,SET-M02,Cart_Abandoners,AD-M102,Static_Discount_10Off,$444.19,14382,224,871.22
01/19/2026,CAMP-META-03,EU_Brand_Awareness,SET-M03,EU_Outdoor_Interest,AD-M103,Carousel_Gear_Collection,$645.20,25928,460,1039.79
01/20/2026,CAMP-META-01,US_Prospecting_Broad,SET-M01,Lookalike_1%,AD-M101,Video_AlpineShell_15s,$465.65,18329,279,662.77
01/20/2026,CAMP-META-02,US_Retargeting_MOFU,SET-M02,Cart_Abandoners,AD-M102,Static_Discount_10Off,$516.11,18824,311,1015.15
01/20/2026,CAMP-META-03,EU_Brand_Awareness,SET-M03,EU_Outdoor_Interest,AD-M103,Carousel_Gear_Collection,$482.13,19267,261,701.84
01/21/2026,CAMP-META-01,US_Prospecting_Broad,SET-M01,Lookalike_1%,AD-M101,Video_AlpineShell_15s,$367.29,14446,196,761.44
01/21/2026,CAMP-META-02,US_Retargeting_MOFU,SET-M02,Cart_Abandoners,AD-M102,Static_Discount_10Off,$517.31,20308,314,730.11
01/21/2026,CAMP-META-03,EU_Brand_Awareness,SET-M03,EU_Outdoor_Interest,AD-M103,Carousel_Gear_Collection,$483.21,17097,255,783.49
01/22/2026,CAMP-META-01,US_Prospecting_Broad,SET-M01,Lookalike_1%,AD-M101,Video_AlpineShell_15s,$648.15,21041,331,1137.83
01/22/2026,CAMP-META-02,US_Retargeting_MOFU,SET-M02,Cart_Abandoners,AD-M102,Static_Discount_10Off,$536.20,22329,320,713.99
01/22/2026,CAMP-META-03,EU_Brand_Awareness,SET-M03,EU_Outdoor_Interest,AD-M103,Carousel_Gear_Collection,$492.66,17960,240,1020.41
01/23/2026,CAMP-META-01,US_Prospecting_Broad,SET-M01,Lookalike_1%,AD-M101,Video_AlpineShell_15s,$622.84,21314,323,1243.17
01/23/2026,CAMP-META-02,US_Retargeting_MOFU,SET-M02,Cart_Abandoners,AD-M102,Static_Discount_10Off,$389.20,13014,165,753.25
01/23/2026,CAMP-META-03,EU_Brand_Awareness,SET-M03,EU_Outdoor_Interest,AD-M103,Carousel_Gear_Collection,$432.73,14062,248,614.06
01/24/2026,CAMP-META-01,US_Prospecting_Broad,SET-M01,Lookalike_1%,AD-M101,Video_AlpineShell_15s,$611.00,19207,286,1216.4
01/24/2026,CAMP-META-02,US_Retargeting_MOFU,SET-M02,Cart_Abandoners,AD-M102,Static_Discount_10Off,$658.27,25560,350,962.77
01/24/2026,CAMP-META-03,EU_Brand_Awareness,SET-M03,EU_Outdoor_Interest,AD-M103,Carousel_Gear_Collection,$723.17,27958,421,1224.95
01/25/2026,CAMP-META-01,US_Prospecting_Broad,SET-M01,Lookalike_1%,AD-M101,Video_AlpineShell_15s,$653.98,21333,381,1063.42
01/25/2026,CAMP-META-02,US_Retargeting_MOFU,SET-M02,Cart_Abandoners,AD-M102,Static_Discount_10Off,$747.82,25225,389,1544.13
01/25/2026,CAMP-META-03,EU_Brand_Awareness,SET-M03,EU_Outdoor_Interest,AD-M103,Carousel_Gear_Collection,$512.68,22201,380,846.6
01/26/2026,CAMP-META-01,US_Prospecting_Broad,SET-M01,Lookalike_1%,AD-M101,Video_AlpineShell_15s,$604.09,19530,241,1212.27
01/26/2026,CAMP-META-02,US_Retargeting_MOFU,SET-M02,Cart_Abandoners,AD-M102,Static_Discount_10Off,$484.50,17875,281,988.92
01/26/2026,CAMP-META-03,EU_Brand_Awareness,SET-M03,EU_Outdoor_Interest,AD-M103,Carousel_Gear_Collection,$355.73,13289,214,668.12
01/27/2026,CAMP-META-01,US_Prospecting_Broad,SET-M01,Lookalike_1%,AD-M101,Video_AlpineShell_15s,$557.76,23892,329,885.15
01/27/2026,CAMP-META-02,US_Retargeting_MOFU,SET-M02,Cart_Abandoners,AD-M102,Static_Discount_10Off,$591.33,23855,316,1221.66
01/27/2026,CAMP-META-03,EU_Brand_Awareness,SET-M03,EU_Outdoor_Interest,AD-M103,Carousel_Gear_Collection,$352.66,11028,177,692.19
01/28/2026,CAMP-META-01,US_Prospecting_Broad,SET-M01,Lookalike_1%,AD-M101,Video_AlpineShell_15s,$438.39,19797,325,862.45
01/28/2026,CAMP-META-02,US_Retargeting_MOFU,SET-M02,Cart_Abandoners,AD-M102,Static_Discount_10Off,$572.14,24420,403,1095.73
01/28/2026,CAMP-META-03,EU_Brand_Awareness,SET-M03,EU_Outdoor_Interest,AD-M103,Carousel_Gear_Collection,$547.56,18460,315,980.62
01/29/2026,CAMP-META-01,US_Prospecting_Broad,SET-M01,Lookalike_1%,AD-M101,Video_AlpineShell_15s,$376.58,14011,174,612.33
01/29/2026,CAMP-META-02,US_Retargeting_MOFU,SET-M02,Cart_Abandoners,AD-M102,Static_Discount_10Off,$472.13,20835,293,655.69
01/29/2026,CAMP-META-03,EU_Brand_Awareness,SET-M03,EU_Outdoor_Interest,AD-M103,Carousel_Gear_Collection,$592.47,18822,234,1222.91
01/30/2026,CAMP-META-01,US_Prospecting_Broad,SET-M01,Lookalike_1%,AD-M101,Video_AlpineShell_15s,$506.77,20274,252,861.76
01/30/2026,CAMP-META-02,US_Retargeting_MOFU,SET-M02,Cart_Abandoners,AD-M102,Static_Discount_10Off,$588.35,20238,248,799.17
01/30/2026,CAMP-META-03,EU_Brand_Awareness,SET-M03,EU_Outdoor_Interest,AD-M103,Carousel_Gear_Collection,$470.86,18869,252,717.97
01/31/2026,CAMP-META-01,US_Prospecting_Broad,SET-M01,Lookalike_1%,AD-M101,Video_AlpineShell_15s,$738.81,23609,340,1496.01
01/31/2026,CAMP-META-02,US_Retargeting_MOFU,SET-M02,Cart_Abandoners,AD-M102,Static_Discount_10Off,$558.06,20850,278,1011.42
01/31/2026,CAMP-META-03,EU_Brand_Awareness,SET-M03,EU_Outdoor_Interest,AD-M103,Carousel_Gear_Collection,$804.62,28700,406,1463.0
02/01/2026,CAMP-META-01,US_Prospecting_Broad,SET-M01,Lookalike_1%,AD-M101,Video_AlpineShell_15s,$483.60,15657,235,802.52
02/01/2026,CAMP-META-02,US_Retargeting_MOFU,SET-M02,Cart_Abandoners,AD-M102,Static_Discount_10Off,$657.20,23265,289,1213.25
02/01/2026,CAMP-META-03,EU_Brand_Awareness,SET-M03,EU_Outdoor_Interest,AD-M103,Carousel_Gear_Collection,$528.22,18127,306,1026.42
02/02/2026,CAMP-META-01,US_Prospecting_Broad,SET-M01,Lookalike_1%,AD-M101,Video_AlpineShell_15s,$515.75,18960,243,990.38
02/02/2026,CAMP-META-02,US_Retargeting_MOFU,SET-M02,Cart_Abandoners,AD-M102,Static_Discount_10Off,$431.42,15998,219,607.03
02/02/2026,CAMP-META-03,EU_Brand_Awareness,SET-M03,EU_Outdoor_Interest,AD-M103,Carousel_Gear_Collection,$538.87,23903,394,837.44
02/03/2026,CAMP-META-01,US_Prospecting_Broad,SET-M01,Lookalike_1%,AD-M101,Video_AlpineShell_15s,$350.04,12911,158,532.39
02/03/2026,CAMP-META-02,US_Retargeting_MOFU,SET-M02,Cart_Abandoners,AD-M102,Static_Discount_10Off,$562.09,24841,423,732.43
02/03/2026,CAMP-META-03,EU_Brand_Awareness,SET-M03,EU_Outdoor_Interest,AD-M103,Carousel_Gear_Collection,$424.05,14419,200,585.83
02/04/2026,CAMP-META-01,US_Prospecting_Broad,SET-M01,Lookalike_1%,AD-M101,Video_AlpineShell_15s,$458.07,18542,316,710.32
02/04/2026,CAMP-META-02,US_Retargeting_MOFU,SET-M02,Cart_Abandoners,AD-M102,Static_Discount_10Off,$586.68,18974,277,1189.76
02/04/2026,CAMP-META-03,EU_Brand_Awareness,SET-M03,EU_Outdoor_Interest,AD-M103,Carousel_Gear_Collection,$463.20,14639,183,856.74
02/05/2026,CAMP-META-01,US_Prospecting_Broad,SET-M01,Lookalike_1%,AD-M101,Video_AlpineShell_15s,$498.14,19250,304,928.08
02/05/2026,CAMP-META-02,US_Retargeting_MOFU,SET-M02,Cart_Abandoners,AD-M102,Static_Discount_10Off,$351.31,14842,241,643.99
02/05/2026,CAMP-META-03,EU_Brand_Awareness,SET-M03,EU_Outdoor_Interest,AD-M103,Carousel_Gear_Collection,$639.81,21607,382,1191.35
02/06/2026,CAMP-META-01,US_Prospecting_Broad,SET-M01,Lookalike_1%,AD-M101,Video_AlpineShell_15s,$439.42,19060,318,797.69
02/06/2026,CAMP-META-02,US_Retargeting_MOFU,SET-M02,Cart_Abandoners,AD-M102,Static_Discount_10Off,$364.46,14236,252,619.7
02/06/2026,CAMP-META-03,EU_Brand_Awareness,SET-M03,EU_Outdoor_Interest,AD-M103,Carousel_Gear_Collection,$479.82,18053,239,765.3
02/07/2026,CAMP-META-01,US_Prospecting_Broad,SET-M01,Lookalike_1%,AD-M101,Video_AlpineShell_15s,$576.18,25581,424,941.02
02/07/2026,CAMP-META-02,US_Retargeting_MOFU,SET-M02,Cart_Abandoners,AD-M102,Static_Discount_10Off,$745.82,24450,324,1361.78
02/07/2026,CAMP-META-03,EU_Brand_Awareness,SET-M03,EU_Outdoor_Interest,AD-M103,Carousel_Gear_Collection,$614.61,19953,265,1132.27
02/08/2026,CAMP-META-01,US_Prospecting_Broad,SET-M01,Lookalike_1%,AD-M101,Video_AlpineShell_15s,$665.41,26666,341,1211.92
02/08/2026,CAMP-META-02,US_Retargeting_MOFU,SET-M02,Cart_Abandoners,AD-M102,Static_Discount_10Off,$714.47,28401,450,1154.66
02/08/2026,CAMP-META-03,EU_Brand_Awareness,SET-M03,EU_Outdoor_Interest,AD-M103,Carousel_Gear_Collection,$704.95,29382,509,1078.52
02/09/2026,CAMP-META-01,US_Prospecting_Broad,SET-M01,Lookalike_1%,AD-M101,Video_AlpineShell_15s,$460.34,20386,258,788.42
02/09/2026,CAMP-META-02,US_Retargeting_MOFU,SET-M02,Cart_Abandoners,AD-M102,Static_Discount_10Off,$430.28,14175,171,689.86
02/09/2026,CAMP-META-03,EU_Brand_Awareness,SET-M03,EU_Outdoor_Interest,AD-M103,Carousel_Gear_Collection,$451.20,20330,259,735.87
02/10/2026,CAMP-META-01,US_Prospecting_Broad,SET-M01,Lookalike_1%,AD-M101,Video_AlpineShell_15s,$497.86,19116,290,884.25
02/10/2026,CAMP-META-02,US_Retargeting_MOFU,SET-M02,Cart_Abandoners,AD-M102,Static_Discount_10Off,$352.98,13249,235,605.44
02/10/2026,CAMP-META-03,EU_Brand_Awareness,SET-M03,EU_Outdoor_Interest,AD-M103,Carousel_Gear_Collection,$553.26,22025,366,1061.34
02/11/2026,CAMP-META-01,US_Prospecting_Broad,SET-M01,Lookalike_1%,AD-M101,Video_AlpineShell_15s,$506.39,15944,203,665.17
02/11/2026,CAMP-META-02,US_Retargeting_MOFU,SET-M02,Cart_Abandoners,AD-M102,Static_Discount_10Off,$581.05,19322,245,878.82
02/11/2026,CAMP-META-03,EU_Brand_Awareness,SET-M03,EU_Outdoor_Interest,AD-M103,Carousel_Gear_Collection,$355.27,14248,237,609.06
02/12/2026,CAMP-META-01,US_Prospecting_Broad,SET-M01,Lookalike_1%,AD-M101,Video_AlpineShell_15s,$454.43,17670,212,699.75
02/12/2026,CAMP-META-02,US_Retargeting_MOFU,SET-M02,Cart_Abandoners,AD-M102,Static_Discount_10Off,$543.94,17136,292,717.39
02/12/2026,CAMP-META-03,EU_Brand_Awareness,SET-M03,EU_Outdoor_Interest,AD-M103,Carousel_Gear_Collection,$619.57,20768,346,1032.45
02/13/2026,CAMP-META-01,US_Prospecting_Broad,SET-M01,Lookalike_1%,AD-M101,Video_AlpineShell_15s,$469.40,18754,232,695.93
02/13/2026,CAMP-META-02,US_Retargeting_MOFU,SET-M02,Cart_Abandoners,AD-M102,Static_Discount_10Off,$423.98,15796,260,711.88
02/13/2026,CAMP-META-03,EU_Brand_Awareness,SET-M03,EU_Outdoor_Interest,AD-M103,Carousel_Gear_Collection,$367.35,11633,205,708.31
02/14/2026,CAMP-META-01,US_Prospecting_Broad,SET-M01,Lookalike_1%,AD-M101,Video_AlpineShell_15s,$809.25,29486,524,1100.97
02/14/2026,CAMP-META-02,US_Retargeting_MOFU,SET-M02,Cart_Abandoners,AD-M102,Static_Discount_10Off,$574.63,23692,312,811.75
02/14/2026,CAMP-META-03,EU_Brand_Awareness,SET-M03,EU_Outdoor_Interest,AD-M103,Carousel_Gear_Collection,$670.91,22503,348,951.06
02/15/2026,CAMP-META-01,US_Prospecting_Broad,SET-M01,Lookalike_1%,AD-M101,Video_AlpineShell_15s,$741.67,26152,374,1364.16
02/15/2026,CAMP-META-02,US_Retargeting_MOFU,SET-M02,Cart_Abandoners,AD-M102,Static_Discount_10Off,$534.96,21018,367,819.77
02/15/2026,CAMP-META-03,EU_Brand_Awareness,SET-M03,EU_Outdoor_Interest,AD-M103,Carousel_Gear_Collection,$613.75,19861,322,828.42
02/16/2026,CAMP-META-01,US_Prospecting_Broad,SET-M01,Lookalike_1%,AD-M101,Video_AlpineShell_15s,$394.19,17854,281,653.62
02/16/2026,CAMP-META-02,US_Retargeting_MOFU,SET-M02,Cart_Abandoners,AD-M102,Static_Discount_10Off,$390.28,12358,187,582.89
02/16/2026,CAMP-META-03,EU_Brand_Awareness,SET-M03,EU_Outdoor_Interest,AD-M103,Carousel_Gear_Collection,$500.18,17369,216,760.16
02/17/2026,CAMP-META-01,US_Prospecting_Broad,SET-M01,Lookalike_1%,AD-M101,Video_AlpineShell_15s,$592.09,22261,340,974.73
02/17/2026,CAMP-META-02,US_Retargeting_MOFU,SET-M02,Cart_Abandoners,AD-M102,Static_Discount_10Off,$363.17,15351,225,532.9
02/17/2026,CAMP-META-03,EU_Brand_Awareness,SET-M03,EU_Outdoor_Interest,AD-M103,Carousel_Gear_Collection,$364.99,11991,214,706.08
02/18/2026,CAMP-META-01,US_Prospecting_Broad,SET-M01,Lookalike_1%,AD-M101,Video_AlpineShell_15s,$606.14,24821,440,883.47
02/18/2026,CAMP-META-02,US_Retargeting_MOFU,SET-M02,Cart_Abandoners,AD-M102,Static_Discount_10Off,$635.43,19889,323,1324.82
02/18/2026,CAMP-META-03,EU_Brand_Awareness,SET-M03,EU_Outdoor_Interest,AD-M103,Carousel_Gear_Collection,$520.86,21177,309,924.45
02/19/2026,CAMP-META-01,US_Prospecting_Broad,SET-M01,Lookalike_1%,AD-M101,Video_AlpineShell_15s,$371.92,13177,235,540.06
02/19/2026,CAMP-META-02,US_Retargeting_MOFU,SET-M02,Cart_Abandoners,AD-M102,Static_Discount_10Off,$587.78,18912,334,1215.59
02/19/2026,CAMP-META-03,EU_Brand_Awareness,SET-M03,EU_Outdoor_Interest,AD-M103,Carousel_Gear_Collection,$506.44,15939,263,723.87
02/20/2026,CAMP-META-01,US_Prospecting_Broad,SET-M01,Lookalike_1%,AD-M101,Video_AlpineShell_15s,$493.07,16895,227,893.69
02/20/2026,CAMP-META-02,US_Retargeting_MOFU,SET-M02,Cart_Abandoners,AD-M102,Static_Discount_10Off,$549.98,23277,358,1054.48
02/20/2026,CAMP-META-03,EU_Brand_Awareness,SET-M03,EU_Outdoor_Interest,AD-M103,Carousel_Gear_Collection,$499.67,22588,272,792.29
02/21/2026,CAMP-META-01,US_Prospecting_Broad,SET-M01,Lookalike_1%,AD-M101,Video_AlpineShell_15s,$784.82,32314,510,1159.7
02/21/2026,CAMP-META-02,US_Retargeting_MOFU,SET-M02,Cart_Abandoners,AD-M102,Static_Discount_10Off,$558.13,18311,299,768.17
02/21/2026,CAMP-META-03,EU_Brand_Awareness,SET-M03,EU_Outdoor_Interest,AD-M103,Carousel_Gear_Collection,$598.26,26837,399,1094.78
02/22/2026,CAMP-META-01,US_Prospecting_Broad,SET-M01,Lookalike_1%,AD-M101,Video_AlpineShell_15s,$481.94,19363,278,981.05
02/22/2026,CAMP-META-02,US_Retargeting_MOFU,SET-M02,Cart_Abandoners,AD-M102,Static_Discount_10Off,$809.97,36080,597,1293.83
02/22/2026,CAMP-META-03,EU_Brand_Awareness,SET-M03,EU_Outdoor_Interest,AD-M103,Carousel_Gear_Collection,$584.67,19790,346,1204.85
02/23/2026,CAMP-META-01,US_Prospecting_Broad,SET-M01,Lookalike_1%,AD-M101,Video_AlpineShell_15s,$523.14,20458,342,785.13
02/23/2026,CAMP-META-02,US_Retargeting_MOFU,SET-M02,Cart_Abandoners,AD-M102,Static_Discount_10Off,$519.22,20293,323,774.84
02/23/2026,CAMP-META-03,EU_Brand_Awareness,SET-M03,EU_Outdoor_Interest,AD-M103,Carousel_Gear_Collection,$407.48,13067,164,694.66
02/24/2026,CAMP-META-01,US_Prospecting_Broad,SET-M01,Lookalike_1%,AD-M101,Video_AlpineShell_15s,$416.26,18591,227,599.49
02/24/2026,CAMP-META-02,US_Retargeting_MOFU,SET-M02,Cart_Abandoners,AD-M102,Static_Discount_10Off,$610.03,24573,435,1076.88
02/24/2026,CAMP-META-03,EU_Brand_Awareness,SET-M03,EU_Outdoor_Interest,AD-M103,Carousel_Gear_Collection,$480.98,17300,261,917.24
02/25/2026,CAMP-META-01,US_Prospecting_Broad,SET-M01,Lookalike_1%,AD-M101,Video_AlpineShell_15s,$434.75,17028,295,894.35
02/25/2026,CAMP-META-02,US_Retargeting_MOFU,SET-M02,Cart_Abandoners,AD-M102,Static_Discount_10Off,$617.77,23583,393,1038.51
02/25/2026,CAMP-META-03,EU_Brand_Awareness,SET-M03,EU_Outdoor_Interest,AD-M103,Carousel_Gear_Collection,$499.26,20762,322,723.38
02/26/2026,CAMP-META-01,US_Prospecting_Broad,SET-M01,Lookalike_1%,AD-M101,Video_AlpineShell_15s,$449.47,14712,194,609.9
02/26/2026,CAMP-META-02,US_Retargeting_MOFU,SET-M02,Cart_Abandoners,AD-M102,Static_Discount_10Off,$370.70,11802,177,603.33
02/26/2026,CAMP-META-03,EU_Brand_Awareness,SET-M03,EU_Outdoor_Interest,AD-M103,Carousel_Gear_Collection,$593.26,19541,273,1100.43
02/27/2026,CAMP-META-01,US_Prospecting_Broad,SET-M01,Lookalike_1%,AD-M101,Video_AlpineShell_15s,$581.34,20364,262,1163.09
02/27/2026,CAMP-META-02,US_Retargeting_MOFU,SET-M02,Cart_Abandoners,AD-M102,Static_Discount_10Off,$511.73,20613,299,680.63
02/27/2026,CAMP-META-03,EU_Brand_Awareness,SET-M03,EU_Outdoor_Interest,AD-M103,Carousel_Gear_Collection,$388.36,13095,157,634.29
02/28/2026,CAMP-META-01,US_Prospecting_Broad,SET-M01,Lookalike_1%,AD-M101,Video_AlpineShell_15s,$633.44,28095,501,938.06
02/28/2026,CAMP-META-02,US_Retargeting_MOFU,SET-M02,Cart_Abandoners,AD-M102,Static_Discount_10Off,$551.57,22028,294,717.69
02/28/2026,CAMP-META-03,EU_Brand_Awareness,SET-M03,EU_Outdoor_Interest,AD-M103,Carousel_Gear_Collection,$711.00,22451,299,1301.44
03/01/2026,CAMP-META-01,US_Prospecting_Broad,SET-M01,Lookalike_1%,AD-M101,Video_AlpineShell_15s,$715.71,23478,341,1103.87
03/01/2026,CAMP-META-02,US_Retargeting_MOFU,SET-M02,Cart_Abandoners,AD-M102,Static_Discount_10Off,$559.49,19209,324,808.63
03/01/2026,CAMP-META-03,EU_Brand_Awareness,SET-M03,EU_Outdoor_Interest,AD-M103,Carousel_Gear_Collection,$576.60,18588,313,1203.88
03/02/2026,CAMP-META-01,US_Prospecting_Broad,SET-M01,Lookalike_1%,AD-M101,Video_AlpineShell_15s,$576.27,22222,345,1053.89
03/02/2026,CAMP-META-02,US_Retargeting_MOFU,SET-M02,Cart_Abandoners,AD-M102,Static_Discount_10Off,$373.54,13610,221,535.6
03/02/2026,CAMP-META-03,EU_Brand_Awareness,SET-M03,EU_Outdoor_Interest,AD-M103,Carousel_Gear_Collection,$584.19,20985,371,779.27
03/03/2026,CAMP-META-01,US_Prospecting_Broad,SET-M01,Lookalike_1%,AD-M101,Video_AlpineShell_15s,$429.60,15334,211,804.01
03/03/2026,CAMP-META-02,US_Retargeting_MOFU,SET-M02,Cart_Abandoners,AD-M102,Static_Discount_10Off,$577.70,25089,378,986.2
03/03/2026,CAMP-META-03,EU_Brand_Awareness,SET-M03,EU_Outdoor_Interest,AD-M103,Carousel_Gear_Collection,$460.78,14707,249,856.02
03/04/2026,CAMP-META-01,US_Prospecting_Broad,SET-M01,Lookalike_1%,AD-M101,Video_AlpineShell_15s,$564.30,21200,371,1047.16
03/04/2026,CAMP-META-02,US_Retargeting_MOFU,SET-M02,Cart_Abandoners,AD-M102,Static_Discount_10Off,$568.69,18574,253,1106.48
03/04/2026,CAMP-META-03,EU_Brand_Awareness,SET-M03,EU_Outdoor_Interest,AD-M103,Carousel_Gear_Collection,$408.57,16051,224,850.98
03/05/2026,CAMP-META-01,US_Prospecting_Broad,SET-M01,Lookalike_1%,AD-M101,Video_AlpineShell_15s,$606.96,20921,342,1061.97
03/05/2026,CAMP-META-02,US_Retargeting_MOFU,SET-M02,Cart_Abandoners,AD-M102,Static_Discount_10Off,$634.13,23518,335,907.08
03/05/2026,CAMP-META-03,EU_Brand_Awareness,SET-M03,EU_Outdoor_Interest,AD-M103,Carousel_Gear_Collection,$585.86,19964,285,773.43
03/06/2026,CAMP-META-01,US_Prospecting_Broad,SET-M01,Lookalike_1%,AD-M101,Video_AlpineShell_15s,$601.70,27208,441,1249.25
03/06/2026,CAMP-META-02,US_Retargeting_MOFU,SET-M02,Cart_Abandoners,AD-M102,Static_Discount_10Off,$481.30,19766,320,940.32
03/06/2026,CAMP-META-03,EU_Brand_Awareness,SET-M03,EU_Outdoor_Interest,AD-M103,Carousel_Gear_Collection,$513.93,16227,199,875.65
03/07/2026,CAMP-META-01,US_Prospecting_Broad,SET-M01,Lookalike_1%,AD-M101,Video_AlpineShell_15s,$706.92,23082,301,1371.43
03/07/2026,CAMP-META-02,US_Retargeting_MOFU,SET-M02,Cart_Abandoners,AD-M102,Static_Discount_10Off,$644.77,24831,317,1284.53
03/07/2026,CAMP-META-03,EU_Brand_Awareness,SET-M03,EU_Outdoor_Interest,AD-M103,Carousel_Gear_Collection,$496.48,19781,271,991.54
03/08/2026,CAMP-META-01,US_Prospecting_Broad,SET-M01,Lookalike_1%,AD-M101,Video_AlpineShell_15s,$689.76,23017,310,1241.5
03/08/2026,CAMP-META-02,US_Retargeting_MOFU,SET-M02,Cart_Abandoners,AD-M102,Static_Discount_10Off,$651.90,21494,374,853.81
03/08/2026,CAMP-META-03,EU_Brand_Awareness,SET-M03,EU_Outdoor_Interest,AD-M103,Carousel_Gear_Collection,$690.26,30653,468,1056.17
03/09/2026,CAMP-META-01,US_Prospecting_Broad,SET-M01,Lookalike_1%,AD-M101,Video_AlpineShell_15s,$442.03,17314,272,692.77
03/09/2026,CAMP-META-02,US_Retargeting_MOFU,SET-M02,Cart_Abandoners,AD-M102,Static_Discount_10Off,$569.81,21877,271,1098.03
03/09/2026,CAMP-META-03,EU_Brand_Awareness,SET-M03,EU_Outdoor_Interest,AD-M103,Carousel_Gear_Collection,$435.73,16550,266,682.34
03/10/2026,CAMP-META-01,US_Prospecting_Broad,SET-M01,Lookalike_1%,AD-M101,Video_AlpineShell_15s,$366.98,14257,251,665.48
03/10/2026,CAMP-META-02,US_Retargeting_MOFU,SET-M02,Cart_Abandoners,AD-M102,Static_Discount_10Off,$551.44,19469,256,901.42
03/10/2026,CAMP-META-03,EU_Brand_Awareness,SET-M03,EU_Outdoor_Interest,AD-M103,Carousel_Gear_Collection,$575.28,24997,341,875.03
03/11/2026,CAMP-META-01,US_Prospecting_Broad,SET-M01,Lookalike_1%,AD-M101,Video_AlpineShell_15s,$479.61,15080,187,822.51
03/11/2026,CAMP-META-02,US_Retargeting_MOFU,SET-M02,Cart_Abandoners,AD-M102,Static_Discount_10Off,$403.81,12735,161,655.34
03/11/2026,CAMP-META-03,EU_Brand_Awareness,SET-M03,EU_Outdoor_Interest,AD-M103,Carousel_Gear_Collection,$571.37,19671,285,901.18
03/12/2026,CAMP-META-01,US_Prospecting_Broad,SET-M01,Lookalike_1%,AD-M101,Video_AlpineShell_15s,$469.28,19043,251,791.41
03/12/2026,CAMP-META-02,US_Retargeting_MOFU,SET-M02,Cart_Abandoners,AD-M102,Static_Discount_10Off,$430.56,17309,275,893.34
03/12/2026,CAMP-META-03,EU_Brand_Awareness,SET-M03,EU_Outdoor_Interest,AD-M103,Carousel_Gear_Collection,$531.09,23324,290,1094.65
03/13/2026,CAMP-META-01,US_Prospecting_Broad,SET-M01,Lookalike_1%,AD-M101,Video_AlpineShell_15s,$439.19,19161,298,790.07
03/13/2026,CAMP-META-02,US_Retargeting_MOFU,SET-M02,Cart_Abandoners,AD-M102,Static_Discount_10Off,$544.55,22069,266,1128.31
03/13/2026,CAMP-META-03,EU_Brand_Awareness,SET-M03,EU_Outdoor_Interest,AD-M103,Carousel_Gear_Collection,$425.27,14786,240,760.39
03/14/2026,CAMP-META-01,US_Prospecting_Broad,SET-M01,Lookalike_1%,AD-M101,Video_AlpineShell_15s,$554.84,22453,349,1105.73
03/14/2026,CAMP-META-02,US_Retargeting_MOFU,SET-M02,Cart_Abandoners,AD-M102,Static_Discount_10Off,$792.53,34369,444,1629.27
03/14/2026,CAMP-META-03,EU_Brand_Awareness,SET-M03,EU_Outdoor_Interest,AD-M103,Carousel_Gear_Collection,$713.70,23149,305,1263.3
03/15/2026,CAMP-META-01,US_Prospecting_Broad,SET-M01,Lookalike_1%,AD-M101,Video_AlpineShell_15s,$700.43,24319,351,919.19
03/15/2026,CAMP-META-02,US_Retargeting_MOFU,SET-M02,Cart_Abandoners,AD-M102,Static_Discount_10Off,$656.10,26745,393,1355.55
03/15/2026,CAMP-META-03,EU_Brand_Awareness,SET-M03,EU_Outdoor_Interest,AD-M103,Carousel_Gear_Collection,$587.14,19315,253,1079.14
03/16/2026,CAMP-META-01,US_Prospecting_Broad,SET-M01,Lookalike_1%,AD-M101,Video_AlpineShell_15s,$643.10,27937,336,1059.1
03/16/2026,CAMP-META-02,US_Retargeting_MOFU,SET-M02,Cart_Abandoners,AD-M102,Static_Discount_10Off,$377.79,12813,224,622.3
03/16/2026,CAMP-META-03,EU_Brand_Awareness,SET-M03,EU_Outdoor_Interest,AD-M103,Carousel_Gear_Collection,$427.61,16231,265,558.99
03/17/2026,CAMP-META-01,US_Prospecting_Broad,SET-M01,Lookalike_1%,AD-M101,Video_AlpineShell_15s,$526.84,18726,296,786.9
03/17/2026,CAMP-META-02,US_Retargeting_MOFU,SET-M02,Cart_Abandoners,AD-M102,Static_Discount_10Off,$564.22,24623,324,1129.55
03/17/2026,CAMP-META-03,EU_Brand_Awareness,SET-M03,EU_Outdoor_Interest,AD-M103,Carousel_Gear_Collection,$571.62,25821,348,841.15
03/18/2026,CAMP-META-01,US_Prospecting_Broad,SET-M01,Lookalike_1%,AD-M101,Video_AlpineShell_15s,$431.24,17619,218,718.94
03/18/2026,CAMP-META-02,US_Retargeting_MOFU,SET-M02,Cart_Abandoners,AD-M102,Static_Discount_10Off,$569.82,20301,325,777.76
03/18/2026,CAMP-META-03,EU_Brand_Awareness,SET-M03,EU_Outdoor_Interest,AD-M103,Carousel_Gear_Collection,$635.45,20913,351,1244.46
03/19/2026,CAMP-META-01,US_Prospecting_Broad,SET-M01,Lookalike_1%,AD-M101,Video_AlpineShell_15s,$629.81,22950,302,1129.52
03/19/2026,CAMP-META-02,US_Retargeting_MOFU,SET-M02,Cart_Abandoners,AD-M102,Static_Discount_10Off,$572.86,19498,294,776.09
03/19/2026,CAMP-META-03,EU_Brand_Awareness,SET-M03,EU_Outdoor_Interest,AD-M103,Carousel_Gear_Collection,$461.33,14782,229,798.41
03/20/2026,CAMP-META-01,US_Prospecting_Broad,SET-M01,Lookalike_1%,AD-M101,Video_AlpineShell_15s,$430.66,16767,291,789.47
03/20/2026,CAMP-META-02,US_Retargeting_MOFU,SET-M02,Cart_Abandoners,AD-M102,Static_Discount_10Off,$586.22,22085,348,878.57
03/20/2026,CAMP-META-03,EU_Brand_Awareness,SET-M03,EU_Outdoor_Interest,AD-M103,Carousel_Gear_Collection,$561.64,21374,313,1021.88
03/21/2026,CAMP-META-01,US_Prospecting_Broad,SET-M01,Lookalike_1%,AD-M101,Video_AlpineShell_15s,$788.61,34832,590,1209.65
03/21/2026,CAMP-META-02,US_Retargeting_MOFU,SET-M02,Cart_Abandoners,AD-M102,Static_Discount_10Off,$603.97,27182,375,1028.02
03/21/2026,CAMP-META-03,EU_Brand_Awareness,SET-M03,EU_Outdoor_Interest,AD-M103,Carousel_Gear_Collection,$458.57,17040,299,634.81
03/22/2026,CAMP-META-01,US_Prospecting_Broad,SET-M01,Lookalike_1%,AD-M101,Video_AlpineShell_15s,$724.17,27749,442,1092.19
03/22/2026,CAMP-META-02,US_Retargeting_MOFU,SET-M02,Cart_Abandoners,AD-M102,Static_Discount_10Off,$497.31,21068,261,720.36
03/22/2026,CAMP-META-03,EU_Brand_Awareness,SET-M03,EU_Outdoor_Interest,AD-M103,Carousel_Gear_Collection,$686.58,22279,376,1268.87
03/23/2026,CAMP-META-01,US_Prospecting_Broad,SET-M01,Lookalike_1%,AD-M101,Video_AlpineShell_15s,$383.13,15391,213,574.68
03/23/2026,CAMP-META-02,US_Retargeting_MOFU,SET-M02,Cart_Abandoners,AD-M102,Static_Discount_10Off,$504.50,18442,260,798.64
03/23/2026,CAMP-META-03,EU_Brand_Awareness,SET-M03,EU_Outdoor_Interest,AD-M103,Carousel_Gear_Collection,$598.57,20023,277,1215.71
03/24/2026,CAMP-META-01,US_Prospecting_Broad,SET-M01,Lookalike_1%,AD-M101,Video_AlpineShell_15s,$635.84,25164,355,1083.79
03/24/2026,CAMP-META-02,US_Retargeting_MOFU,SET-M02,Cart_Abandoners,AD-M102,Static_Discount_10Off,$632.34,20555,259,1020.71
03/24/2026,CAMP-META-03,EU_Brand_Awareness,SET-M03,EU_Outdoor_Interest,AD-M103,Carousel_Gear_Collection,$516.01,19089,251,1025.34
03/25/2026,CAMP-META-01,US_Prospecting_Broad,SET-M01,Lookalike_1%,AD-M101,Video_AlpineShell_15s,$553.08,18205,312,1050.12
03/25/2026,CAMP-META-02,US_Retargeting_MOFU,SET-M02,Cart_Abandoners,AD-M102,Static_Discount_10Off,$481.76,17141,222,885.92
03/25/2026,CAMP-META-03,EU_Brand_Awareness,SET-M03,EU_Outdoor_Interest,AD-M103,Carousel_Gear_Collection,$403.78,13952,186,562.89
03/26/2026,CAMP-META-01,US_Prospecting_Broad,SET-M01,Lookalike_1%,AD-M101,Video_AlpineShell_15s,$399.59,18146,296,753.6
03/26/2026,CAMP-META-02,US_Retargeting_MOFU,SET-M02,Cart_Abandoners,AD-M102,Static_Discount_10Off,$504.48,21363,267,663.54
03/26/2026,CAMP-META-03,EU_Brand_Awareness,SET-M03,EU_Outdoor_Interest,AD-M103,Carousel_Gear_Collection,$399.72,12932,173,632.92
03/27/2026,CAMP-META-01,US_Prospecting_Broad,SET-M01,Lookalike_1%,AD-M101,Video_AlpineShell_15s,$381.60,15753,238,681.61
03/27/2026,CAMP-META-02,US_Retargeting_MOFU,SET-M02,Cart_Abandoners,AD-M102,Static_Discount_10Off,$423.61,18762,269,630.06
03/27/2026,CAMP-META-03,EU_Brand_Awareness,SET-M03,EU_Outdoor_Interest,AD-M103,Carousel_Gear_Collection,$415.87,13161,206,725.9
03/28/2026,CAMP-META-01,US_Prospecting_Broad,SET-M01,Lookalike_1%,AD-M101,Video_AlpineShell_15s,$593.42,22572,344,1102.07
03/28/2026,CAMP-META-02,US_Retargeting_MOFU,SET-M02,Cart_Abandoners,AD-M102,Static_Discount_10Off,$700.80,29548,443,1142.0
03/28/2026,CAMP-META-03,EU_Brand_Awareness,SET-M03,EU_Outdoor_Interest,AD-M103,Carousel_Gear_Collection,$763.95,26981,409,1063.66
03/29/2026,CAMP-META-01,US_Prospecting_Broad,SET-M01,Lookalike_1%,AD-M101,Video_AlpineShell_15s,$664.61,28681,402,939.94
03/29/2026,CAMP-META-02,US_Retargeting_MOFU,SET-M02,Cart_Abandoners,AD-M102,Static_Discount_10Off,$697.03,28967,415,1405.59
03/29/2026,CAMP-META-03,EU_Brand_Awareness,SET-M03,EU_Outdoor_Interest,AD-M103,Carousel_Gear_Collection,$514.12,18986,275,675.81
03/30/2026,CAMP-META-01,US_Prospecting_Broad,SET-M01,Lookalike_1%,AD-M101,Video_AlpineShell_15s,$587.83,25906,384,1027.85
03/30/2026,CAMP-META-02,US_Retargeting_MOFU,SET-M02,Cart_Abandoners,AD-M102,Static_Discount_10Off,$538.53,18643,252,704.39
03/30/2026,CAMP-META-03,EU_Brand_Awareness,SET-M03,EU_Outdoor_Interest,AD-M103,Carousel_Gear_Collection,$567.03,20727,352,1109.74
03/31/2026,CAMP-META-01,US_Prospecting_Broad,SET-M01,Lookalike_1%,AD-M101,Video_AlpineShell_15s,$603.00,22457,314,1165.75
03/31/2026,CAMP-META-02,US_Retargeting_MOFU,SET-M02,Cart_Abandoners,AD-M102,Static_Discount_10Off,$485.39,20365,348,973.72
03/31/2026,CAMP-META-03,EU_Brand_Awareness,SET-M03,EU_Outdoor_Interest,AD-M103,Carousel_Gear_Collection,$489.89,21527,308,951.77
04/01/2026,CAMP-META-01,US_Prospecting_Broad,SET-M01,Lookalike_1%,AD-M101,Video_AlpineShell_15s,$620.53,25818,320,1242.23
04/01/2026,CAMP-META-02,US_Retargeting_MOFU,SET-M02,Cart_Abandoners,AD-M102,Static_Discount_10Off,$466.82,17026,303,631.72
04/01/2026,CAMP-META-03,EU_Brand_Awareness,SET-M03,EU_Outdoor_Interest,AD-M103,Carousel_Gear_Collection,$544.50,23943,341,1057.99
04/02/2026,CAMP-META-01,US_Prospecting_Broad,SET-M01,Lookalike_1%,AD-M101,Video_AlpineShell_15s,$480.04,15014,230,747.39
04/02/2026,CAMP-META-02,US_Retargeting_MOFU,SET-M02,Cart_Abandoners,AD-M102,Static_Discount_10Off,$416.03,16311,232,563.71
04/02/2026,CAMP-META-03,EU_Brand_Awareness,SET-M03,EU_Outdoor_Interest,AD-M103,Carousel_Gear_Collection,$460.87,17298,282,841.26
04/03/2026,CAMP-META-01,US_Prospecting_Broad,SET-M01,Lookalike_1%,AD-M101,Video_AlpineShell_15s,$562.63,25477,338,1029.25
04/03/2026,CAMP-META-02,US_Retargeting_MOFU,SET-M02,Cart_Abandoners,AD-M102,Static_Discount_10Off,$495.20,22454,377,949.92
04/03/2026,CAMP-META-03,EU_Brand_Awareness,SET-M03,EU_Outdoor_Interest,AD-M103,Carousel_Gear_Collection,$514.53,22701,376,909.16
04/04/2026,CAMP-META-01,US_Prospecting_Broad,SET-M01,Lookalike_1%,AD-M101,Video_AlpineShell_15s,$730.73,24755,416,1252.77
04/04/2026,CAMP-META-02,US_Retargeting_MOFU,SET-M02,Cart_Abandoners,AD-M102,Static_Discount_10Off,$490.12,17070,268,928.19
04/04/2026,CAMP-META-03,EU_Brand_Awareness,SET-M03,EU_Outdoor_Interest,AD-M103,Carousel_Gear_Collection,$501.21,20927,362,952.29
04/05/2026,CAMP-META-01,US_Prospecting_Broad,SET-M01,Lookalike_1%,AD-M101,Video_AlpineShell_15s,$778.09,26298,409,1418.7
04/05/2026,CAMP-META-02,US_Retargeting_MOFU,SET-M02,Cart_Abandoners,AD-M102,Static_Discount_10Off,$770.92,27742,438,1098.7
04/05/2026,CAMP-META-03,EU_Brand_Awareness,SET-M03,EU_Outdoor_Interest,AD-M103,Carousel_Gear_Collection,$615.22,21095,287,899.33
04/06/2026,CAMP-META-01,US_Prospecting_Broad,SET-M01,Lookalike_1%,AD-M101,Video_AlpineShell_15s,$444.15,18191,241,728.35
04/06/2026,CAMP-META-02,US_Retargeting_MOFU,SET-M02,Cart_Abandoners,AD-M102,Static_Discount_10Off,$622.35,22989,301,847.38
04/06/2026,CAMP-META-03,EU_Brand_Awareness,SET-M03,EU_Outdoor_Interest,AD-M103,Carousel_Gear_Collection,$558.85,21637,366,1021.36
04/07/2026,CAMP-META-01,US_Prospecting_Broad,SET-M01,Lookalike_1%,AD-M101,Video_AlpineShell_15s,$588.87,23822,384,889.93
04/07/2026,CAMP-META-02,US_Retargeting_MOFU,SET-M02,Cart_Abandoners,AD-M102,Static_Discount_10Off,$631.72,22272,310,957.44
04/07/2026,CAMP-META-03,EU_Brand_Awareness,SET-M03,EU_Outdoor_Interest,AD-M103,Carousel_Gear_Collection,$407.28,14070,187,723.43
04/08/2026,CAMP-META-01,US_Prospecting_Broad,SET-M01,Lookalike_1%,AD-M101,Video_AlpineShell_15s,$429.39,15003,253,825.47
04/08/2026,CAMP-META-02,US_Retargeting_MOFU,SET-M02,Cart_Abandoners,AD-M102,Static_Discount_10Off,$578.26,24218,303,1075.08
04/08/2026,CAMP-META-03,EU_Brand_Awareness,SET-M03,EU_Outdoor_Interest,AD-M103,Carousel_Gear_Collection,$460.50,17493,213,694.28
04/09/2026,CAMP-META-01,US_Prospecting_Broad,SET-M01,Lookalike_1%,AD-M101,Video_AlpineShell_15s,$360.10,11694,157,628.69
04/09/2026,CAMP-META-02,US_Retargeting_MOFU,SET-M02,Cart_Abandoners,AD-M102,Static_Discount_10Off,$361.69,12616,175,730.01
04/09/2026,CAMP-META-03,EU_Brand_Awareness,SET-M03,EU_Outdoor_Interest,AD-M103,Carousel_Gear_Collection,$616.44,24410,424,1292.63
04/10/2026,CAMP-META-01,US_Prospecting_Broad,SET-M01,Lookalike_1%,AD-M101,Video_AlpineShell_15s,$597.62,19627,264,1052.63
04/10/2026,CAMP-META-02,US_Retargeting_MOFU,SET-M02,Cart_Abandoners,AD-M102,Static_Discount_10Off,$370.18,16130,290,577.97
04/10/2026,CAMP-META-03,EU_Brand_Awareness,SET-M03,EU_Outdoor_Interest,AD-M103,Carousel_Gear_Collection,$574.46,19106,327,1205.28
04/11/2026,CAMP-META-01,US_Prospecting_Broad,SET-M01,Lookalike_1%,AD-M101,Video_AlpineShell_15s,$528.06,23570,340,741.43
04/11/2026,CAMP-META-02,US_Retargeting_MOFU,SET-M02,Cart_Abandoners,AD-M102,Static_Discount_10Off,$445.91,17415,290,781.66
04/11/2026,CAMP-META-03,EU_Brand_Awareness,SET-M03,EU_Outdoor_Interest,AD-M103,Carousel_Gear_Collection,$554.79,19436,260,727.61
04/12/2026,CAMP-META-01,US_Prospecting_Broad,SET-M01,Lookalike_1%,AD-M101,Video_AlpineShell_15s,$724.13,25644,425,963.93
04/12/2026,CAMP-META-02,US_Retargeting_MOFU,SET-M02,Cart_Abandoners,AD-M102,Static_Discount_10Off,$751.42,26650,409,1352.32
04/12/2026,CAMP-META-03,EU_Brand_Awareness,SET-M03,EU_Outdoor_Interest,AD-M103,Carousel_Gear_Collection,$761.66,27329,423,1593.81
04/13/2026,CAMP-META-01,US_Prospecting_Broad,SET-M01,Lookalike_1%,AD-M101,Video_AlpineShell_15s,$577.02,21837,354,929.8
04/13/2026,CAMP-META-02,US_Retargeting_MOFU,SET-M02,Cart_Abandoners,AD-M102,Static_Discount_10Off,$418.66,14968,262,855.45
04/13/2026,CAMP-META-03,EU_Brand_Awareness,SET-M03,EU_Outdoor_Interest,AD-M103,Carousel_Gear_Collection,$452.57,16591,220,948.82
04/14/2026,CAMP-META-01,US_Prospecting_Broad,SET-M01,Lookalike_1%,AD-M101,Video_AlpineShell_15s,$644.34,22612,380,1206.26
04/14/2026,CAMP-META-02,US_Retargeting_MOFU,SET-M02,Cart_Abandoners,AD-M102,Static_Discount_10Off,$527.95,23429,345,971.34
04/14/2026,CAMP-META-03,EU_Brand_Awareness,SET-M03,EU_Outdoor_Interest,AD-M103,Carousel_Gear_Collection,$553.26,21501,379,793.31
04/15/2026,CAMP-META-01,US_Prospecting_Broad,SET-M01,Lookalike_1%,AD-M101,Video_AlpineShell_15s,$500.11,17299,279,909.66
04/15/2026,CAMP-META-02,US_Retargeting_MOFU,SET-M02,Cart_Abandoners,AD-M102,Static_Discount_10Off,$432.59,18359,290,769.77
04/15/2026,CAMP-META-03,EU_Brand_Awareness,SET-M03,EU_Outdoor_Interest,AD-M103,Carousel_Gear_Collection,$403.81,13899,204,740.67
04/16/2026,CAMP-META-01,US_Prospecting_Broad,SET-M01,Lookalike_1%,AD-M101,Video_AlpineShell_15s,$601.21,25370,307,1156.3
04/16/2026,CAMP-META-02,US_Retargeting_MOFU,SET-M02,Cart_Abandoners,AD-M102,Static_Discount_10Off,$532.91,18378,312,1035.04
04/16/2026,CAMP-META-03,EU_Brand_Awareness,SET-M03,EU_Outdoor_Interest,AD-M103,Carousel_Gear_Collection,$638.28,23329,348,1034.98
04/17/2026,CAMP-META-01,US_Prospecting_Broad,SET-M01,Lookalike_1%,AD-M101,Video_AlpineShell_15s,$396.11,14286,195,806.89
04/17/2026,CAMP-META-02,US_Retargeting_MOFU,SET-M02,Cart_Abandoners,AD-M102,Static_Discount_10Off,$524.96,18796,265,704.28
04/17/2026,CAMP-META-03,EU_Brand_Awareness,SET-M03,EU_Outdoor_Interest,AD-M103,Carousel_Gear_Collection,$359.52,13704,171,641.91
04/18/2026,CAMP-META-01,US_Prospecting_Broad,SET-M01,Lookalike_1%,AD-M101,Video_AlpineShell_15s,$767.86,24906,397,1127.98
04/18/2026,CAMP-META-02,US_Retargeting_MOFU,SET-M02,Cart_Abandoners,AD-M102,Static_Discount_10Off,$761.12,24662,325,1438.47
04/18/2026,CAMP-META-03,EU_Brand_Awareness,SET-M03,EU_Outdoor_Interest,AD-M103,Carousel_Gear_Collection,$544.94,18148,326,721.51
04/19/2026,CAMP-META-01,US_Prospecting_Broad,SET-M01,Lookalike_1%,AD-M101,Video_AlpineShell_15s,$774.01,27421,489,1294.15
04/19/2026,CAMP-META-02,US_Retargeting_MOFU,SET-M02,Cart_Abandoners,AD-M102,Static_Discount_10Off,$755.27,33383,467,1022.34
04/19/2026,CAMP-META-03,EU_Brand_Awareness,SET-M03,EU_Outdoor_Interest,AD-M103,Carousel_Gear_Collection,$803.25,26624,455,1646.96
04/20/2026,CAMP-META-01,US_Prospecting_Broad,SET-M01,Lookalike_1%,AD-M101,Video_AlpineShell_15s,$375.53,14523,180,551.52
04/20/2026,CAMP-META-02,US_Retargeting_MOFU,SET-M02,Cart_Abandoners,AD-M102,Static_Discount_10Off,$418.81,15691,213,578.29
04/20/2026,CAMP-META-03,EU_Brand_Awareness,SET-M03,EU_Outdoor_Interest,AD-M103,Carousel_Gear_Collection,$400.25,17051,304,763.45
04/21/2026,CAMP-META-01,US_Prospecting_Broad,SET-M01,Lookalike_1%,AD-M101,Video_AlpineShell_15s,$640.33,24257,331,1241.37
04/21/2026,CAMP-META-02,US_Retargeting_MOFU,SET-M02,Cart_Abandoners,AD-M102,Static_Discount_10Off,$447.88,17919,240,628.71
04/21/2026,CAMP-META-03,EU_Brand_Awareness,SET-M03,EU_Outdoor_Interest,AD-M103,Carousel_Gear_Collection,$426.94,16707,268,576.39
04/22/2026,CAMP-META-01,US_Prospecting_Broad,SET-M01,Lookalike_1%,AD-M101,Video_AlpineShell_15s,$413.15,13730,176,650.35
04/22/2026,CAMP-META-02,US_Retargeting_MOFU,SET-M02,Cart_Abandoners,AD-M102,Static_Discount_10Off,$609.40,25877,323,1028.44
04/22/2026,CAMP-META-03,EU_Brand_Awareness,SET-M03,EU_Outdoor_Interest,AD-M103,Carousel_Gear_Collection,$440.73,15948,268,621.31
04/23/2026,CAMP-META-01,US_Prospecting_Broad,SET-M01,Lookalike_1%,AD-M101,Video_AlpineShell_15s,$524.21,19375,249,943.16
04/23/2026,CAMP-META-02,US_Retargeting_MOFU,SET-M02,Cart_Abandoners,AD-M102,Static_Discount_10Off,$432.09,16075,200,720.58
04/23/2026,CAMP-META-03,EU_Brand_Awareness,SET-M03,EU_Outdoor_Interest,AD-M103,Carousel_Gear_Collection,$441.94,14622,180,722.52
04/24/2026,CAMP-META-01,US_Prospecting_Broad,SET-M01,Lookalike_1%,AD-M101,Video_AlpineShell_15s,$487.53,16667,257,894.02
04/24/2026,CAMP-META-02,US_Retargeting_MOFU,SET-M02,Cart_Abandoners,AD-M102,Static_Discount_10Off,$583.11,19042,264,1009.02
04/24/2026,CAMP-META-03,EU_Brand_Awareness,SET-M03,EU_Outdoor_Interest,AD-M103,Carousel_Gear_Collection,$602.03,18875,327,961.55
04/25/2026,CAMP-META-01,US_Prospecting_Broad,SET-M01,Lookalike_1%,AD-M101,Video_AlpineShell_15s,$510.69,18989,312,865.14
04/25/2026,CAMP-META-02,US_Retargeting_MOFU,SET-M02,Cart_Abandoners,AD-M102,Static_Discount_10Off,$618.69,20363,288,1229.85
04/25/2026,CAMP-META-03,EU_Brand_Awareness,SET-M03,EU_Outdoor_Interest,AD-M103,Carousel_Gear_Collection,$590.05,23338,343,1126.97
04/26/2026,CAMP-META-01,US_Prospecting_Broad,SET-M01,Lookalike_1%,AD-M101,Video_AlpineShell_15s,$484.75,20228,358,698.23
04/26/2026,CAMP-META-02,US_Retargeting_MOFU,SET-M02,Cart_Abandoners,AD-M102,Static_Discount_10Off,$650.40,23401,349,1180.99
04/26/2026,CAMP-META-03,EU_Brand_Awareness,SET-M03,EU_Outdoor_Interest,AD-M103,Carousel_Gear_Collection,$523.69,19024,270,958.0
04/27/2026,CAMP-META-01,US_Prospecting_Broad,SET-M01,Lookalike_1%,AD-M101,Video_AlpineShell_15s,$392.37,14160,185,597.55
04/27/2026,CAMP-META-02,US_Retargeting_MOFU,SET-M02,Cart_Abandoners,AD-M102,Static_Discount_10Off,$415.61,17441,295,635.29
04/27/2026,CAMP-META-03,EU_Brand_Awareness,SET-M03,EU_Outdoor_Interest,AD-M103,Carousel_Gear_Collection,$628.14,19815,305,888.44
04/28/2026,CAMP-META-01,US_Prospecting_Broad,SET-M01,Lookalike_1%,AD-M101,Video_AlpineShell_15s,$462.36,15423,219,633.25
04/28/2026,CAMP-META-02,US_Retargeting_MOFU,SET-M02,Cart_Abandoners,AD-M102,Static_Discount_10Off,$517.04,16979,284,744.59
04/28/2026,CAMP-META-03,EU_Brand_Awareness,SET-M03,EU_Outdoor_Interest,AD-M103,Carousel_Gear_Collection,$551.83,22798,303,1103.25
04/29/2026,CAMP-META-01,US_Prospecting_Broad,SET-M01,Lookalike_1%,AD-M101,Video_AlpineShell_15s,$424.90,17249,207,848.33
04/29/2026,CAMP-META-02,US_Retargeting_MOFU,SET-M02,Cart_Abandoners,AD-M102,Static_Discount_10Off,$587.78,20789,343,835.61
04/29/2026,CAMP-META-03,EU_Brand_Awareness,SET-M03,EU_Outdoor_Interest,AD-M103,Carousel_Gear_Collection,$487.50,19108,240,823.34
04/30/2026,CAMP-META-01,US_Prospecting_Broad,SET-M01,Lookalike_1%,AD-M101,Video_AlpineShell_15s,$626.22,27955,384,918.06
04/30/2026,CAMP-META-02,US_Retargeting_MOFU,SET-M02,Cart_Abandoners,AD-M102,Static_Discount_10Off,$421.44,13557,200,705.09
04/30/2026,CAMP-META-03,EU_Brand_Awareness,SET-M03,EU_Outdoor_Interest,AD-M103,Carousel_Gear_Collection,$578.17,24556,366,950.5
05/01/2026,CAMP-META-01,US_Prospecting_Broad,SET-M01,Lookalike_1%,AD-M101,Video_AlpineShell_15s,$529.07,16535,274,856.19
05/01/2026,CAMP-META-02,US_Retargeting_MOFU,SET-M02,Cart_Abandoners,AD-M102,Static_Discount_10Off,$598.27,25235,307,875.6
05/01/2026,CAMP-META-03,EU_Brand_Awareness,SET-M03,EU_Outdoor_Interest,AD-M103,Carousel_Gear_Collection,$452.12,16679,261,917.12
05/02/2026,CAMP-META-01,US_Prospecting_Broad,SET-M01,Lookalike_1%,AD-M101,Video_AlpineShell_15s,$628.70,23274,286,834.87
05/02/2026,CAMP-META-02,US_Retargeting_MOFU,SET-M02,Cart_Abandoners,AD-M102,Static_Discount_10Off,$644.18,24417,415,920.24
05/02/2026,CAMP-META-03,EU_Brand_Awareness,SET-M03,EU_Outdoor_Interest,AD-M103,Carousel_Gear_Collection,$446.86,16868,226,598.65
05/03/2026,CAMP-META-01,US_Prospecting_Broad,SET-M01,Lookalike_1%,AD-M101,Video_AlpineShell_15s,$709.22,30681,480,1081.45
05/03/2026,CAMP-META-02,US_Retargeting_MOFU,SET-M02,Cart_Abandoners,AD-M102,Static_Discount_10Off,$502.56,19480,327,810.97
05/03/2026,CAMP-META-03,EU_Brand_Awareness,SET-M03,EU_Outdoor_Interest,AD-M103,Carousel_Gear_Collection,$719.04,30919,514,1071.04
05/04/2026,CAMP-META-01,US_Prospecting_Broad,SET-M01,Lookalike_1%,AD-M101,Video_AlpineShell_15s,$553.22,20002,351,890.61
05/04/2026,CAMP-META-02,US_Retargeting_MOFU,SET-M02,Cart_Abandoners,AD-M102,Static_Discount_10Off,$369.85,16666,282,636.06
05/04/2026,CAMP-META-03,EU_Brand_Awareness,SET-M03,EU_Outdoor_Interest,AD-M103,Carousel_Gear_Collection,$582.57,23930,336,771.37
05/05/2026,CAMP-META-01,US_Prospecting_Broad,SET-M01,Lookalike_1%,AD-M101,Video_AlpineShell_15s,$638.45,22262,391,965.59
05/05/2026,CAMP-META-02,US_Retargeting_MOFU,SET-M02,Cart_Abandoners,AD-M102,Static_Discount_10Off,$533.44,18531,257,1055.4
05/05/2026,CAMP-META-03,EU_Brand_Awareness,SET-M03,EU_Outdoor_Interest,AD-M103,Carousel_Gear_Collection,$634.15,20556,337,965.16
05/06/2026,CAMP-META-01,US_Prospecting_Broad,SET-M01,Lookalike_1%,AD-M101,Video_AlpineShell_15s,$434.48,13734,165,813.71
05/06/2026,CAMP-META-02,US_Retargeting_MOFU,SET-M02,Cart_Abandoners,AD-M102,Static_Discount_10Off,$561.87,19905,357,870.62
05/06/2026,CAMP-META-03,EU_Brand_Awareness,SET-M03,EU_Outdoor_Interest,AD-M103,Carousel_Gear_Collection,$451.99,19833,290,681.98
05/07/2026,CAMP-META-01,US_Prospecting_Broad,SET-M01,Lookalike_1%,AD-M101,Video_AlpineShell_15s,$453.02,14928,262,656.24
05/07/2026,CAMP-META-02,US_Retargeting_MOFU,SET-M02,Cart_Abandoners,AD-M102,Static_Discount_10Off,$461.75,14758,182,634.39
05/07/2026,CAMP-META-03,EU_Brand_Awareness,SET-M03,EU_Outdoor_Interest,AD-M103,Carousel_Gear_Collection,$398.84,14268,184,827.38
05/08/2026,CAMP-META-01,US_Prospecting_Broad,SET-M01,Lookalike_1%,AD-M101,Video_AlpineShell_15s,$484.01,17916,241,811.57
05/08/2026,CAMP-META-02,US_Retargeting_MOFU,SET-M02,Cart_Abandoners,AD-M102,Static_Discount_10Off,$548.57,18588,307,966.75
05/08/2026,CAMP-META-03,EU_Brand_Awareness,SET-M03,EU_Outdoor_Interest,AD-M103,Carousel_Gear_Collection,$621.31,20590,340,835.34
05/09/2026,CAMP-META-01,US_Prospecting_Broad,SET-M01,Lookalike_1%,AD-M101,Video_AlpineShell_15s,$440.08,18242,291,716.87
05/09/2026,CAMP-META-02,US_Retargeting_MOFU,SET-M02,Cart_Abandoners,AD-M102,Static_Discount_10Off,$588.40,19075,331,1192.89
05/09/2026,CAMP-META-03,EU_Brand_Awareness,SET-M03,EU_Outdoor_Interest,AD-M103,Carousel_Gear_Collection,$555.20,19204,261,806.42
05/10/2026,CAMP-META-01,US_Prospecting_Broad,SET-M01,Lookalike_1%,AD-M101,Video_AlpineShell_15s,$506.74,19933,290,995.62
05/10/2026,CAMP-META-02,US_Retargeting_MOFU,SET-M02,Cart_Abandoners,AD-M102,Static_Discount_10Off,$482.46,16438,249,738.34
05/10/2026,CAMP-META-03,EU_Brand_Awareness,SET-M03,EU_Outdoor_Interest,AD-M103,Carousel_Gear_Collection,$622.31,24892,387,1024.99
05/11/2026,CAMP-META-01,US_Prospecting_Broad,SET-M01,Lookalike_1%,AD-M101,Video_AlpineShell_15s,$399.32,17237,263,807.4
05/11/2026,CAMP-META-02,US_Retargeting_MOFU,SET-M02,Cart_Abandoners,AD-M102,Static_Discount_10Off,$453.19,15451,246,926.88
05/11/2026,CAMP-META-03,EU_Brand_Awareness,SET-M03,EU_Outdoor_Interest,AD-M103,Carousel_Gear_Collection,$596.29,21553,343,1203.74
05/12/2026,CAMP-META-01,US_Prospecting_Broad,SET-M01,Lookalike_1%,AD-M101,Video_AlpineShell_15s,$469.86,18595,224,921.51
05/12/2026,CAMP-META-02,US_Retargeting_MOFU,SET-M02,Cart_Abandoners,AD-M102,Static_Discount_10Off,$590.29,25615,396,986.48
05/12/2026,CAMP-META-03,EU_Brand_Awareness,SET-M03,EU_Outdoor_Interest,AD-M103,Carousel_Gear_Collection,$385.61,12123,161,522.03
05/13/2026,CAMP-META-01,US_Prospecting_Broad,SET-M01,Lookalike_1%,AD-M101,Video_AlpineShell_15s,$528.45,17981,219,965.46
05/13/2026,CAMP-META-02,US_Retargeting_MOFU,SET-M02,Cart_Abandoners,AD-M102,Static_Discount_10Off,$509.69,22129,288,894.19
05/13/2026,CAMP-META-03,EU_Brand_Awareness,SET-M03,EU_Outdoor_Interest,AD-M103,Carousel_Gear_Collection,$438.91,13985,236,915.94
05/14/2026,CAMP-META-01,US_Prospecting_Broad,SET-M01,Lookalike_1%,AD-M101,Video_AlpineShell_15s,$427.90,13499,196,675.23
05/14/2026,CAMP-META-02,US_Retargeting_MOFU,SET-M02,Cart_Abandoners,AD-M102,Static_Discount_10Off,$365.10,16206,261,608.38
05/14/2026,CAMP-META-03,EU_Brand_Awareness,SET-M03,EU_Outdoor_Interest,AD-M103,Carousel_Gear_Collection,$417.96,14853,200,736.49
05/15/2026,CAMP-META-01,US_Prospecting_Broad,SET-M01,Lookalike_1%,AD-M101,Video_AlpineShell_15s,$457.76,15139,256,769.9
05/15/2026,CAMP-META-02,US_Retargeting_MOFU,SET-M02,Cart_Abandoners,AD-M102,Static_Discount_10Off,$455.25,17765,299,711.35
05/15/2026,CAMP-META-03,EU_Brand_Awareness,SET-M03,EU_Outdoor_Interest,AD-M103,Carousel_Gear_Collection,$412.72,18064,267,695.72
05/16/2026,CAMP-META-01,US_Prospecting_Broad,SET-M01,Lookalike_1%,AD-M101,Video_AlpineShell_15s,$752.84,31093,444,1465.57
05/16/2026,CAMP-META-02,US_Retargeting_MOFU,SET-M02,Cart_Abandoners,AD-M102,Static_Discount_10Off,$746.36,28877,426,1151.36
05/16/2026,CAMP-META-03,EU_Brand_Awareness,SET-M03,EU_Outdoor_Interest,AD-M103,Carousel_Gear_Collection,$787.21,33951,597,1454.05
05/17/2026,CAMP-META-01,US_Prospecting_Broad,SET-M01,Lookalike_1%,AD-M101,Video_AlpineShell_15s,$636.84,28523,423,1035.63
05/17/2026,CAMP-META-02,US_Retargeting_MOFU,SET-M02,Cart_Abandoners,AD-M102,Static_Discount_10Off,$497.96,17433,310,871.31
05/17/2026,CAMP-META-03,EU_Brand_Awareness,SET-M03,EU_Outdoor_Interest,AD-M103,Carousel_Gear_Collection,$705.53,31101,451,982.86
05/18/2026,CAMP-META-01,US_Prospecting_Broad,SET-M01,Lookalike_1%,AD-M101,Video_AlpineShell_15s,$533.84,17009,271,726.79
05/18/2026,CAMP-META-02,US_Retargeting_MOFU,SET-M02,Cart_Abandoners,AD-M102,Static_Discount_10Off,$456.40,16592,239,897.7
05/18/2026,CAMP-META-03,EU_Brand_Awareness,SET-M03,EU_Outdoor_Interest,AD-M103,Carousel_Gear_Collection,$594.40,21139,301,894.14
05/19/2026,CAMP-META-01,US_Prospecting_Broad,SET-M01,Lookalike_1%,AD-M101,Video_AlpineShell_15s,$381.76,14942,216,702.69
05/19/2026,CAMP-META-02,US_Retargeting_MOFU,SET-M02,Cart_Abandoners,AD-M102,Static_Discount_10Off,$547.45,24115,346,791.3
05/19/2026,CAMP-META-03,EU_Brand_Awareness,SET-M03,EU_Outdoor_Interest,AD-M103,Carousel_Gear_Collection,$397.04,13115,160,649.3
05/20/2026,CAMP-META-01,US_Prospecting_Broad,SET-M01,Lookalike_1%,AD-M101,Video_AlpineShell_15s,$400.46,13004,199,594.72
05/20/2026,CAMP-META-02,US_Retargeting_MOFU,SET-M02,Cart_Abandoners,AD-M102,Static_Discount_10Off,$500.73,17081,303,739.26
05/20/2026,CAMP-META-03,EU_Brand_Awareness,SET-M03,EU_Outdoor_Interest,AD-M103,Carousel_Gear_Collection,$615.85,19648,343,1113.66
05/21/2026,CAMP-META-01,US_Prospecting_Broad,SET-M01,Lookalike_1%,AD-M101,Video_AlpineShell_15s,$538.95,20703,341,929.71
05/21/2026,CAMP-META-02,US_Retargeting_MOFU,SET-M02,Cart_Abandoners,AD-M102,Static_Discount_10Off,$553.23,21047,344,1084.1
05/21/2026,CAMP-META-03,EU_Brand_Awareness,SET-M03,EU_Outdoor_Interest,AD-M103,Carousel_Gear_Collection,$393.93,12988,197,778.3
05/22/2026,CAMP-META-01,US_Prospecting_Broad,SET-M01,Lookalike_1%,AD-M101,Video_AlpineShell_15s,$479.39,18587,325,719.53
05/22/2026,CAMP-META-02,US_Retargeting_MOFU,SET-M02,Cart_Abandoners,AD-M102,Static_Discount_10Off,$603.26,22475,339,933.11
05/22/2026,CAMP-META-03,EU_Brand_Awareness,SET-M03,EU_Outdoor_Interest,AD-M103,Carousel_Gear_Collection,$521.91,20667,252,792.05
05/23/2026,CAMP-META-01,US_Prospecting_Broad,SET-M01,Lookalike_1%,AD-M101,Video_AlpineShell_15s,$439.89,13840,246,710.92
05/23/2026,CAMP-META-02,US_Retargeting_MOFU,SET-M02,Cart_Abandoners,AD-M102,Static_Discount_10Off,$710.64,27914,447,1381.73
05/23/2026,CAMP-META-03,EU_Brand_Awareness,SET-M03,EU_Outdoor_Interest,AD-M103,Carousel_Gear_Collection,$792.53,30479,508,1198.89
05/24/2026,CAMP-META-01,US_Prospecting_Broad,SET-M01,Lookalike_1%,AD-M101,Video_AlpineShell_15s,$808.87,36341,567,1478.29
05/24/2026,CAMP-META-02,US_Retargeting_MOFU,SET-M02,Cart_Abandoners,AD-M102,Static_Discount_10Off,$695.52,29974,528,1004.99
05/24/2026,CAMP-META-03,EU_Brand_Awareness,SET-M03,EU_Outdoor_Interest,AD-M103,Carousel_Gear_Collection,$671.03,27697,383,1165.69
05/25/2026,CAMP-META-01,US_Prospecting_Broad,SET-M01,Lookalike_1%,AD-M101,Video_AlpineShell_15s,$475.16,20131,262,776.66
05/25/2026,CAMP-META-02,US_Retargeting_MOFU,SET-M02,Cart_Abandoners,AD-M102,Static_Discount_10Off,$577.18,18630,232,931.85
05/25/2026,CAMP-META-03,EU_Brand_Awareness,SET-M03,EU_Outdoor_Interest,AD-M103,Carousel_Gear_Collection,$380.07,17146,273,677.27
05/26/2026,CAMP-META-01,US_Prospecting_Broad,SET-M01,Lookalike_1%,AD-M101,Video_AlpineShell_15s,$398.91,16390,199,785.04
05/26/2026,CAMP-META-02,US_Retargeting_MOFU,SET-M02,Cart_Abandoners,AD-M102,Static_Discount_10Off,$642.41,27506,368,1281.43
05/26/2026,CAMP-META-03,EU_Brand_Awareness,SET-M03,EU_Outdoor_Interest,AD-M103,Carousel_Gear_Collection,$627.94,23970,294,836.11
05/27/2026,CAMP-META-01,US_Prospecting_Broad,SET-M01,Lookalike_1%,AD-M101,Video_AlpineShell_15s,$522.18,20138,245,922.48
05/27/2026,CAMP-META-02,US_Retargeting_MOFU,SET-M02,Cart_Abandoners,AD-M102,Static_Discount_10Off,$353.39,11829,163,470.79
05/27/2026,CAMP-META-03,EU_Brand_Awareness,SET-M03,EU_Outdoor_Interest,AD-M103,Carousel_Gear_Collection,$526.51,20268,361,913.68
05/28/2026,CAMP-META-01,US_Prospecting_Broad,SET-M01,Lookalike_1%,AD-M101,Video_AlpineShell_15s,$432.57,14867,202,875.26
05/28/2026,CAMP-META-02,US_Retargeting_MOFU,SET-M02,Cart_Abandoners,AD-M102,Static_Discount_10Off,$462.42,16816,206,758.78
05/28/2026,CAMP-META-03,EU_Brand_Awareness,SET-M03,EU_Outdoor_Interest,AD-M103,Carousel_Gear_Collection,$599.71,19952,266,888.09
05/29/2026,CAMP-META-01,US_Prospecting_Broad,SET-M01,Lookalike_1%,AD-M101,Video_AlpineShell_15s,$595.19,19013,239,988.04
05/29/2026,CAMP-META-02,US_Retargeting_MOFU,SET-M02,Cart_Abandoners,AD-M102,Static_Discount_10Off,$451.24,14695,183,662.83
05/29/2026,CAMP-META-03,EU_Brand_Awareness,SET-M03,EU_Outdoor_Interest,AD-M103,Carousel_Gear_Collection,$575.74,25573,382,952.09
05/30/2026,CAMP-META-01,US_Prospecting_Broad,SET-M01,Lookalike_1%,AD-M101,Video_AlpineShell_15s,$562.90,21695,329,804.44
05/30/2026,CAMP-META-02,US_Retargeting_MOFU,SET-M02,Cart_Abandoners,AD-M102,Static_Discount_10Off,$652.00,21694,359,927.87
05/30/2026,CAMP-META-03,EU_Brand_Awareness,SET-M03,EU_Outdoor_Interest,AD-M103,Carousel_Gear_Collection,$493.47,19993,283,802.76
05/31/2026,CAMP-META-01,US_Prospecting_Broad,SET-M01,Lookalike_1%,AD-M101,Video_AlpineShell_15s,$692.39,30681,374,1117.19
05/31/2026,CAMP-META-02,US_Retargeting_MOFU,SET-M02,Cart_Abandoners,AD-M102,Static_Discount_10Off,$698.94,29202,462,1053.91
05/31/2026,CAMP-META-03,EU_Brand_Awareness,SET-M03,EU_Outdoor_Interest,AD-M103,Carousel_Gear_Collection,$769.78,24866,342,1142.35
06/01/2026,CAMP-META-01,US_Prospecting_Broad,SET-M01,Lookalike_1%,AD-M101,Video_AlpineShell_15s,$473.39,19397,311,928.25
06/01/2026,CAMP-META-02,US_Retargeting_MOFU,SET-M02,Cart_Abandoners,AD-M102,Static_Discount_10Off,$551.93,18249,262,786.53
06/01/2026,CAMP-META-03,EU_Brand_Awareness,SET-M03,EU_Outdoor_Interest,AD-M103,Carousel_Gear_Collection,$571.39,22315,357,866.52
06/02/2026,CAMP-META-01,US_Prospecting_Broad,SET-M01,Lookalike_1%,AD-M101,Video_AlpineShell_15s,$374.37,11726,151,782.71
06/02/2026,CAMP-META-02,US_Retargeting_MOFU,SET-M02,Cart_Abandoners,AD-M102,Static_Discount_10Off,$643.18,21483,342,1133.44
06/02/2026,CAMP-META-03,EU_Brand_Awareness,SET-M03,EU_Outdoor_Interest,AD-M103,Carousel_Gear_Collection,$609.83,24496,362,1094.96
06/03/2026,CAMP-META-01,US_Prospecting_Broad,SET-M01,Lookalike_1%,AD-M101,Video_AlpineShell_15s,$473.36,18015,251,829.04
06/03/2026,CAMP-META-02,US_Retargeting_MOFU,SET-M02,Cart_Abandoners,AD-M102,Static_Discount_10Off,$605.17,25199,443,1120.33
06/03/2026,CAMP-META-03,EU_Brand_Awareness,SET-M03,EU_Outdoor_Interest,AD-M103,Carousel_Gear_Collection,$596.98,21659,361,783.81
06/04/2026,CAMP-META-01,US_Prospecting_Broad,SET-M01,Lookalike_1%,AD-M101,Video_AlpineShell_15s,$595.51,26583,460,1246.74
06/04/2026,CAMP-META-02,US_Retargeting_MOFU,SET-M02,Cart_Abandoners,AD-M102,Static_Discount_10Off,$438.22,18180,301,658.39
06/04/2026,CAMP-META-03,EU_Brand_Awareness,SET-M03,EU_Outdoor_Interest,AD-M103,Carousel_Gear_Collection,$609.67,26474,337,1270.14
06/05/2026,CAMP-META-01,US_Prospecting_Broad,SET-M01,Lookalike_1%,AD-M101,Video_AlpineShell_15s,$552.15,18121,252,1016.61
06/05/2026,CAMP-META-02,US_Retargeting_MOFU,SET-M02,Cart_Abandoners,AD-M102,Static_Discount_10Off,$528.27,18845,303,929.91
06/05/2026,CAMP-META-03,EU_Brand_Awareness,SET-M03,EU_Outdoor_Interest,AD-M103,Carousel_Gear_Collection,$478.72,19335,321,708.99
06/06/2026,CAMP-META-01,US_Prospecting_Broad,SET-M01,Lookalike_1%,AD-M101,Video_AlpineShell_15s,$697.13,28649,451,1322.92
06/06/2026,CAMP-META-02,US_Retargeting_MOFU,SET-M02,Cart_Abandoners,AD-M102,Static_Discount_10Off,$519.52,22988,293,927.24
06/06/2026,CAMP-META-03,EU_Brand_Awareness,SET-M03,EU_Outdoor_Interest,AD-M103,Carousel_Gear_Collection,$756.04,33676,552,1189.29
06/07/2026,CAMP-META-01,US_Prospecting_Broad,SET-M01,Lookalike_1%,AD-M101,Video_AlpineShell_15s,$616.95,19718,275,1031.71
06/07/2026,CAMP-META-02,US_Retargeting_MOFU,SET-M02,Cart_Abandoners,AD-M102,Static_Discount_10Off,$442.63,19399,262,585.28
06/07/2026,CAMP-META-03,EU_Brand_Awareness,SET-M03,EU_Outdoor_Interest,AD-M103,Carousel_Gear_Collection,$674.27,25672,392,970.76
06/08/2026,CAMP-META-01,US_Prospecting_Broad,SET-M01,Lookalike_1%,AD-M101,Video_AlpineShell_15s,$438.78,15321,272,588.11
06/08/2026,CAMP-META-02,US_Retargeting_MOFU,SET-M02,Cart_Abandoners,AD-M102,Static_Discount_10Off,$617.12,22223,341,1049.24
06/08/2026,CAMP-META-03,EU_Brand_Awareness,SET-M03,EU_Outdoor_Interest,AD-M103,Carousel_Gear_Collection,$370.82,16193,252,583.21
06/09/2026,CAMP-META-01,US_Prospecting_Broad,SET-M01,Lookalike_1%,AD-M101,Video_AlpineShell_15s,$625.18,23984,308,1170.2
06/09/2026,CAMP-META-02,US_Retargeting_MOFU,SET-M02,Cart_Abandoners,AD-M102,Static_Discount_10Off,$438.01,16070,260,884.87
06/09/2026,CAMP-META-03,EU_Brand_Awareness,SET-M03,EU_Outdoor_Interest,AD-M103,Carousel_Gear_Collection,$587.66,20430,328,1208.66
06/10/2026,CAMP-META-01,US_Prospecting_Broad,SET-M01,Lookalike_1%,AD-M101,Video_AlpineShell_15s,$438.75,19933,271,646.85
06/10/2026,CAMP-META-02,US_Retargeting_MOFU,SET-M02,Cart_Abandoners,AD-M102,Static_Discount_10Off,$548.55,19358,301,720.24
06/10/2026,CAMP-META-03,EU_Brand_Awareness,SET-M03,EU_Outdoor_Interest,AD-M103,Carousel_Gear_Collection,$568.63,22533,360,992.41
06/11/2026,CAMP-META-01,US_Prospecting_Broad,SET-M01,Lookalike_1%,AD-M101,Video_AlpineShell_15s,$452.82,19396,243,889.89
06/11/2026,CAMP-META-02,US_Retargeting_MOFU,SET-M02,Cart_Abandoners,AD-M102,Static_Discount_10Off,$625.52,21949,277,1014.36
06/11/2026,CAMP-META-03,EU_Brand_Awareness,SET-M03,EU_Outdoor_Interest,AD-M103,Carousel_Gear_Collection,$568.68,19084,242,739.3
06/12/2026,CAMP-META-01,US_Prospecting_Broad,SET-M01,Lookalike_1%,AD-M101,Video_AlpineShell_15s,$563.64,22046,298,738.55
06/12/2026,CAMP-META-02,US_Retargeting_MOFU,SET-M02,Cart_Abandoners,AD-M102,Static_Discount_10Off,$512.09,16783,297,897.49
06/12/2026,CAMP-META-03,EU_Brand_Awareness,SET-M03,EU_Outdoor_Interest,AD-M103,Carousel_Gear_Collection,$504.34,22071,337,808.95
06/13/2026,CAMP-META-01,US_Prospecting_Broad,SET-M01,Lookalike_1%,AD-M101,Video_AlpineShell_15s,$665.18,25695,345,915.27
06/13/2026,CAMP-META-02,US_Retargeting_MOFU,SET-M02,Cart_Abandoners,AD-M102,Static_Discount_10Off,$555.59,24191,315,1161.11
06/13/2026,CAMP-META-03,EU_Brand_Awareness,SET-M03,EU_Outdoor_Interest,AD-M103,Carousel_Gear_Collection,$604.04,22110,381,1266.34
06/14/2026,CAMP-META-01,US_Prospecting_Broad,SET-M01,Lookalike_1%,AD-M101,Video_AlpineShell_15s,$656.02,21776,304,1013.29
06/14/2026,CAMP-META-02,US_Retargeting_MOFU,SET-M02,Cart_Abandoners,AD-M102,Static_Discount_10Off,$588.51,20487,329,913.48
06/14/2026,CAMP-META-03,EU_Brand_Awareness,SET-M03,EU_Outdoor_Interest,AD-M103,Carousel_Gear_Collection,$487.45,17209,219,859.27
06/15/2026,CAMP-META-01,US_Prospecting_Broad,SET-M01,Lookalike_1%,AD-M101,Video_AlpineShell_15s,$558.03,19238,317,1115.1
06/15/2026,CAMP-META-02,US_Retargeting_MOFU,SET-M02,Cart_Abandoners,AD-M102,Static_Discount_10Off,$499.99,17063,268,724.64
06/15/2026,CAMP-META-03,EU_Brand_Awareness,SET-M03,EU_Outdoor_Interest,AD-M103,Carousel_Gear_Collection,$357.71,14397,211,641.62
06/16/2026,CAMP-META-01,US_Prospecting_Broad,SET-M01,Lookalike_1%,AD-M101,Video_AlpineShell_15s,$604.99,25247,321,1252.8
06/16/2026,CAMP-META-02,US_Retargeting_MOFU,SET-M02,Cart_Abandoners,AD-M102,Static_Discount_10Off,$382.41,14277,221,662.75
06/16/2026,CAMP-META-03,EU_Brand_Awareness,SET-M03,EU_Outdoor_Interest,AD-M103,Carousel_Gear_Collection,$375.81,16650,210,664.61
06/17/2026,CAMP-META-01,US_Prospecting_Broad,SET-M01,Lookalike_1%,AD-M101,Video_AlpineShell_15s,$513.30,21090,333,1004.04
06/17/2026,CAMP-META-02,US_Retargeting_MOFU,SET-M02,Cart_Abandoners,AD-M102,Static_Discount_10Off,$362.47,13434,216,544.38
06/17/2026,CAMP-META-03,EU_Brand_Awareness,SET-M03,EU_Outdoor_Interest,AD-M103,Carousel_Gear_Collection,$442.33,15720,273,861.63
06/18/2026,CAMP-META-01,US_Prospecting_Broad,SET-M01,Lookalike_1%,AD-M101,Video_AlpineShell_15s,$524.94,17914,254,951.6
06/18/2026,CAMP-META-02,US_Retargeting_MOFU,SET-M02,Cart_Abandoners,AD-M102,Static_Discount_10Off,$489.85,20496,332,854.87
06/18/2026,CAMP-META-03,EU_Brand_Awareness,SET-M03,EU_Outdoor_Interest,AD-M103,Carousel_Gear_Collection,$457.59,14707,178,710.46
06/19/2026,CAMP-META-01,US_Prospecting_Broad,SET-M01,Lookalike_1%,AD-M101,Video_AlpineShell_15s,$367.06,12373,200,574.48
06/19/2026,CAMP-META-02,US_Retargeting_MOFU,SET-M02,Cart_Abandoners,AD-M102,Static_Discount_10Off,$552.70,21290,352,919.33
06/19/2026,CAMP-META-03,EU_Brand_Awareness,SET-M03,EU_Outdoor_Interest,AD-M103,Carousel_Gear_Collection,$473.68,15110,204,661.43
06/20/2026,CAMP-META-01,US_Prospecting_Broad,SET-M01,Lookalike_1%,AD-M101,Video_AlpineShell_15s,$656.70,20720,295,886.3
06/20/2026,CAMP-META-02,US_Retargeting_MOFU,SET-M02,Cart_Abandoners,AD-M102,Static_Discount_10Off,$564.74,20870,270,1031.49
06/20/2026,CAMP-META-03,EU_Brand_Awareness,SET-M03,EU_Outdoor_Interest,AD-M103,Carousel_Gear_Collection,$811.66,30608,432,1315.35
06/21/2026,CAMP-META-01,US_Prospecting_Broad,SET-M01,Lookalike_1%,AD-M101,Video_AlpineShell_15s,$480.68,15589,225,773.81
06/21/2026,CAMP-META-02,US_Retargeting_MOFU,SET-M02,Cart_Abandoners,AD-M102,Static_Discount_10Off,$684.88,25922,411,924.01
06/21/2026,CAMP-META-03,EU_Brand_Awareness,SET-M03,EU_Outdoor_Interest,AD-M103,Carousel_Gear_Collection,$742.65,23647,375,1532.57
06/22/2026,CAMP-META-01,US_Prospecting_Broad,SET-M01,Lookalike_1%,AD-M101,Video_AlpineShell_15s,$395.43,14769,230,698.09
06/22/2026,CAMP-META-02,US_Retargeting_MOFU,SET-M02,Cart_Abandoners,AD-M102,Static_Discount_10Off,$470.44,18535,236,759.01
06/22/2026,CAMP-META-03,EU_Brand_Awareness,SET-M03,EU_Outdoor_Interest,AD-M103,Carousel_Gear_Collection,$398.80,13590,180,537.12
06/23/2026,CAMP-META-01,US_Prospecting_Broad,SET-M01,Lookalike_1%,AD-M101,Video_AlpineShell_15s,$515.71,18449,317,908.47
06/23/2026,CAMP-META-02,US_Retargeting_MOFU,SET-M02,Cart_Abandoners,AD-M102,Static_Discount_10Off,$453.64,15106,230,618.5
06/23/2026,CAMP-META-03,EU_Brand_Awareness,SET-M03,EU_Outdoor_Interest,AD-M103,Carousel_Gear_Collection,$519.76,16723,240,798.9
06/24/2026,CAMP-META-01,US_Prospecting_Broad,SET-M01,Lookalike_1%,AD-M101,Video_AlpineShell_15s,$393.04,16714,243,698.25
06/24/2026,CAMP-META-02,US_Retargeting_MOFU,SET-M02,Cart_Abandoners,AD-M102,Static_Discount_10Off,$374.18,11918,197,662.04
06/24/2026,CAMP-META-03,EU_Brand_Awareness,SET-M03,EU_Outdoor_Interest,AD-M103,Carousel_Gear_Collection,$598.53,26249,390,1079.79
06/25/2026,CAMP-META-01,US_Prospecting_Broad,SET-M01,Lookalike_1%,AD-M101,Video_AlpineShell_15s,$598.60,20063,274,1228.75
06/25/2026,CAMP-META-02,US_Retargeting_MOFU,SET-M02,Cart_Abandoners,AD-M102,Static_Discount_10Off,$387.30,12594,224,558.38
06/25/2026,CAMP-META-03,EU_Brand_Awareness,SET-M03,EU_Outdoor_Interest,AD-M103,Carousel_Gear_Collection,$566.62,25292,365,970.64
06/26/2026,CAMP-META-01,US_Prospecting_Broad,SET-M01,Lookalike_1%,AD-M101,Video_AlpineShell_15s,$524.19,16715,268,883.27
06/26/2026,CAMP-META-02,US_Retargeting_MOFU,SET-M02,Cart_Abandoners,AD-M102,Static_Discount_10Off,$592.90,18819,228,1236.8
06/26/2026,CAMP-META-03,EU_Brand_Awareness,SET-M03,EU_Outdoor_Interest,AD-M103,Carousel_Gear_Collection,$375.84,12468,170,528.33
06/27/2026,CAMP-META-01,US_Prospecting_Broad,SET-M01,Lookalike_1%,AD-M101,Video_AlpineShell_15s,$602.45,21183,302,809.48
06/27/2026,CAMP-META-02,US_Retargeting_MOFU,SET-M02,Cart_Abandoners,AD-M102,Static_Discount_10Off,$662.30,21347,305,975.61
06/27/2026,CAMP-META-03,EU_Brand_Awareness,SET-M03,EU_Outdoor_Interest,AD-M103,Carousel_Gear_Collection,$603.47,26840,454,1183.45
06/28/2026,CAMP-META-01,US_Prospecting_Broad,SET-M01,Lookalike_1%,AD-M101,Video_AlpineShell_15s,$658.00,25772,432,1147.39
06/28/2026,CAMP-META-02,US_Retargeting_MOFU,SET-M02,Cart_Abandoners,AD-M102,Static_Discount_10Off,$747.22,26389,440,1329.19
06/28/2026,CAMP-META-03,EU_Brand_Awareness,SET-M03,EU_Outdoor_Interest,AD-M103,Carousel_Gear_Collection,$592.80,18771,286,1057.6
06/29/2026,CAMP-META-01,US_Prospecting_Broad,SET-M01,Lookalike_1%,AD-M101,Video_AlpineShell_15s,$416.15,14727,227,602.53
06/29/2026,CAMP-META-02,US_Retargeting_MOFU,SET-M02,Cart_Abandoners,AD-M102,Static_Discount_10Off,$367.88,13118,217,632.28
06/29/2026,CAMP-META-03,EU_Brand_Awareness,SET-M03,EU_Outdoor_Interest,AD-M103,Carousel_Gear_Collection,$418.03,14583,182,691.2
06/30/2026,CAMP-META-01,US_Prospecting_Broad,SET-M01,Lookalike_1%,AD-M101,Video_AlpineShell_15s,$399.01,16733,221,642.15
06/30/2026,CAMP-META-02,US_Retargeting_MOFU,SET-M02,Cart_Abandoners,AD-M102,Static_Discount_10Off,$365.35,14063,211,616.21
06/30/2026,CAMP-META-03,EU_Brand_Awareness,SET-M03,EU_Outdoor_Interest,AD-M103,Carousel_Gear_Collection,$464.84,15295,196,792.35
